"Time_Iter","Outer_Iter","Inner_Iter",    "rms[Rho]"    ,    "rms[RhoU]"   ,    "rms[RhoV]"   ,    "rms[RhoW]"   ,    "rms[RhoE]"   ,    "RefForce"    ,       "CD"       ,       "CL"       ,       "CSF"      ,       "CMx"      ,       "CMy"      ,       "CMz"      ,       "CFx"      ,       "CFy"      ,       "CFz"      ,      "CEff"      
          0,           0,           0,      -2.924964364,     -0.4761926385,      -1.615104866,      -1.332562282,       2.611525906,       38143.84379,     0.07202420325,      0.2090215637,    -0.03004117675,      0.1161849809,    -0.08290637534,    -0.03785890331,     0.06076358552,    -0.03004117675,      0.2125683104,       2.902101713
          0,           0,           1,      -2.973510282,     -0.4801366269,      -1.422163265,     -0.6267697003,       2.563785634,       38143.84379,       0.124603982,      0.3668630625,    -0.05189191476,      0.2021244864,     -0.1392832375,    -0.06392322948,      0.1048425491,    -0.05189191476,      0.3729915533,       2.944232253
          0,           0,           2,      -2.782339973,    -0.07484856668,     -0.2337184036,    -0.06070110354,       2.759857453,       38143.84379,      0.1070173407,      0.2898974643,    -0.04105851007,      0.1581624484,    -0.09904659618,    -0.05118627688,      0.0913895369,    -0.04105851007,      0.2951968895,       2.708883087
          0,           0,           3,      -2.455783198,      0.1983379196,      0.2242241976,      0.2633167156,       3.080528102,       38143.84379,     0.06104036841,      0.2306360302,    -0.01538984851,      0.1243105972,    -0.07029416095,    -0.02338176148,     0.04864159489,    -0.01538984851,       0.233565623,       3.778418057
          0,           0,           4,      -2.347027041,      0.2276877712,      0.3104151597,      0.3578025299,       3.195755261,       38143.84379,     0.02717272094,       0.223078792,    0.006386561448,      0.1194093575,    -0.06018814932,  -0.0004177701981,     0.01522565469,    0.006386561448,      0.2242112478,         8.2096597
          0,           0,           5,      -2.253575283,      0.2916441716,      0.3535925866,      0.4425749557,       3.306566776,       38143.84379,     0.01496241251,      0.2430729827,     0.01428123037,      0.1299633022,     -0.0614926962,     0.01033614275,    0.001965432266,     0.01428123037,      0.2435251235,       16.24557421
          0,           0,           6,      -2.224899224,      0.3046229881,      0.3769968079,      0.4778666335,       3.339849291,       38143.84379,      0.0163900757,      0.2485955922,     0.01322950219,       0.133069076,    -0.06291688493,     0.01004044658,    0.003096253643,     0.01322950219,      0.2491160698,       15.16744625
          0,           0,           7,      -2.266741218,      0.2288184049,      0.3606729252,      0.4387344526,       3.276414447,       38143.84379,     0.01454545557,      0.2578529103,     0.01382934501,      0.1376544525,    -0.06442254884,     0.01230580404,   0.0007600923253,     0.01382934501,      0.2582617197,       17.72738633
          0,           0,           8,      -2.264387968,      0.1250324807,      0.3268258656,      0.3822065424,       3.261084021,       38143.84379,     0.01065241341,      0.2696910222,     0.01501101384,      0.1431845912,    -0.06585754898,     0.01552931025,   -0.003759337477,     0.01501101384,      0.2698751355,       25.31736347
          0,           0,           9,      -2.262013829,     0.08276165244,      0.2833332503,      0.3365644715,       3.278723282,       38143.84379,    0.007953891118,      0.2803794269,      0.0158023028,      0.1479689181,    -0.06663087018,     0.01743586768,   -0.007024577273,      0.0158023028,      0.2804042488,       35.25059908
          0,           0,          10,      -2.276113483,      0.1094836389,      0.2328757223,      0.2990964918,       3.283657559,       38143.84379,    0.007946129457,       0.280694128,     0.01590172272,      0.1480426511,    -0.06647882987,     0.01751430716,   -0.007049127142,     0.01590172272,      0.2807180868,       35.32463566
          0,           0,          11,      -2.323045272,      0.1076893701,      0.1746968519,      0.2631704027,       3.239480259,       38143.84379,      0.0070172365,      0.2830847789,     0.01616973748,      0.1489164348,    -0.06625132165,     0.01812745295,   -0.008104312649,     0.01616973748,      0.2830557432,       40.34134789
          0,           0,          12,      -2.376956817,     0.08970565619,      0.1140393269,      0.2218760423,        3.18464099,       38143.84379,    0.006479271816,       0.285383857,      0.0163266163,       0.149712674,     -0.0656064999,     0.01832321836,   -0.008764238967,      0.0163266163,      0.2853228258,       44.04566826
          0,           0,          13,      -2.451748038,     0.03168799702,     0.04875164768,      0.1696082441,       3.113180736,       38143.84379,    0.006746964477,      0.2861291938,      0.0163497806,      0.1498975641,    -0.06469482871,     0.01798347045,   -0.008536715329,      0.0163497806,      0.2860813898,       42.40858164
          0,           0,          14,       -2.53251518,    -0.06501984881,    -0.02547288864,     0.09998951859,       3.025755591,       38143.84379,    0.007198390326,      0.2859815341,       0.016365819,      0.1498297344,    -0.06408726475,     0.01764275424,   -0.008078050807,       0.016365819,      0.2859580385,       39.72853946
          0,           0,          15,      -2.595248724,     -0.1745451071,     -0.1074205064,     0.01239310155,       2.946579162,       38143.84379,     0.00747276768,      0.2857283383,     0.01641435636,      0.1497860788,    -0.06387376425,     0.01749252626,   -0.007790548641,     0.01641435636,      0.2857198504,       38.23594557
          0,           0,          16,       -2.64960438,     -0.2624359834,     -0.1861530307,    -0.08113068971,       2.886145991,       38143.84379,    0.007601497502,       0.285710092,     0.01646648053,      0.1498640485,    -0.06392182617,     0.01745240698,   -0.007661028351,     0.01646648053,       0.285708502,       37.58602722
          0,           0,          17,      -2.716159658,     -0.3209268905,     -0.2547579939,     -0.1660992861,       2.827260145,       38143.84379,    0.007669287531,      0.2859576174,     0.01650374365,       0.150062472,    -0.06411359735,     0.01744476082,   -0.007606548298,     0.01650374365,      0.2859592931,       37.28607334
          0,           0,          18,      -2.801886592,      -0.375433883,     -0.3214024478,      -0.241014966,       2.752997626,       38143.84379,    0.007716638486,      0.2863432429,     0.01652366525,      0.1503175782,    -0.06435828126,     0.01743941416,   -0.007579850202,     0.01652366525,      0.2863468965,       37.10725123
          0,           0,          19,       -2.90081801,     -0.4410078751,     -0.3981101478,     -0.3146369583,       2.662674477,       38143.84379,    0.007755917527,      0.2867546153,     0.01653042673,      0.1505774499,    -0.06460385253,     0.01743056189,   -0.007562586919,     0.01653042673,      0.2867597792,       36.97236521
          0,           0,          20,      -2.999693396,     -0.5141535507,      -0.489976237,     -0.3947848025,       2.567100935,       38143.84379,    0.007788568614,      0.2871228542,      0.0165286339,      0.1508055266,    -0.06481829435,     0.01741924746,     -0.0075496396,      0.0165286339,       0.287129236,       36.86464977
          0,           0,          21,        -3.0901433,      -0.588646876,     -0.5938477943,     -0.4835500759,       2.475554426,       38143.84379,      0.0078144172,      0.2874157957,     0.01652183787,      0.1509840002,    -0.06498675777,     0.01740691226,   -0.007539465583,     0.01652183787,      0.2874231397,       36.78019593
          0,           0,          22,      -3.176133797,     -0.6644280115,      -0.700939885,     -0.5785222389,       2.387262361,       38143.84379,    0.007833147227,      0.2876278414,     0.01651329075,      0.1511106545,    -0.06510684541,     0.01739569502,   -0.007532081619,     0.01651329075,      0.2876358829,       36.71932023
          0,           0,          23,      -3.265714406,      -0.744619162,     -0.8019531529,     -0.6758061476,       2.296415941,       38143.84379,    0.007845535947,       0.287763584,     0.01650470631,      0.1511896563,    -0.06518255225,     0.01738623895,   -0.007526956729,     0.01650470631,      0.2877720932,       36.67863941
          0,           0,          24,      -3.361484447,     -0.8301725096,     -0.8933991387,     -0.7729232062,       2.200651132,       38143.84379,    0.007852853684,      0.2878316324,     0.01649675501,      0.1512271611,    -0.06522018524,      0.0173783937,   -0.007523281964,     0.01649675501,      0.2878404352,       36.65312559
          0,           0,          25,      -3.459939767,     -0.9188686901,     -0.9789089676,     -0.8695064079,       2.102762268,       38143.84379,    0.007856210815,      0.2878422698,     0.01648966085,      0.1512299873,    -0.06522652419,     0.01737193293,   -0.007520497464,     0.01648966085,      0.2878512367,       36.63881693
          0,           0,          26,      -3.555663942,      -1.007361367,      -1.064345274,     -0.9662438371,       2.007518963,       38143.84379,    0.007856880563,       0.287806411,     0.01648332467,      0.1512056659,    -0.06520913038,     0.01736632041,    -0.00751791447,     0.01648332467,      0.2878154648,       36.63112971
          0,           0,          27,      -3.645821648,      -1.093684279,       -1.15346853,      -1.063405364,       1.917672205,       38143.84379,    0.007856011597,      0.2877369481,     0.01647751812,      0.1511624803,    -0.06517596713,     0.01736104384,   -0.007515074148,     0.01647751812,      0.2877460545,       36.62633953
          0,           0,          28,      -3.731647097,      -1.178039915,      -1.247090734,      -1.160533688,       1.832292459,       38143.84379,    0.007854223623,        0.28764477,     0.01647212802,      0.1511069868,    -0.06513285766,     0.01735591509,   -0.007511938948,     0.01647212802,      0.2876539123,       36.62294121
          0,           0,          29,       -3.81625379,      -1.261918245,      -1.344089893,      -1.256885703,        1.74842482,       38143.84379,    0.007851980648,      0.2875397504,     0.01646709462,      0.1510449559,    -0.06508461562,      0.0173508652,   -0.007508572604,     0.01646709462,      0.2875489228,        36.6200279
          0,           0,          30,      -3.901911748,      -1.346622579,      -1.442469557,      -1.352135629,       1.663602723,       38143.84379,    0.007849654893,      0.2874322158,     0.01646251731,      0.1509820709,    -0.06503525698,      0.0173460343,   -0.007505154663,     0.01646251731,      0.2874414173,       36.61717868
          0,           0,          31,      -3.989033686,      -1.432371934,       -1.54008049,      -1.446611773,       1.577054177,       38143.84379,    0.007847379336,      0.2873263019,     0.01645838958,      0.1509206055,    -0.06498657708,      0.0173414688,   -0.007501773116,     0.01645838958,      0.2873355331,       36.61430009
          0,           0,          32,      -4.076655182,      -1.518266142,      -1.635054263,      -1.540811044,       1.489495394,       38143.84379,    0.007845003363,      0.2872221413,      0.0164546473,      0.1508605913,    -0.06493893712,     0.01733724066,    -0.00749858543,      0.0164546473,      0.2872313941,       36.61211194
          0,           0,          33,      -4.163303144,      -1.602813205,      -1.725994533,      -1.634638918,       1.402399337,       38143.84379,    0.007842531423,      0.2871213715,     0.01645124949,      0.1508029232,    -0.06489314217,     0.01733339083,   -0.007495674583,     0.01645124949,       0.287130636,       36.61080281
          0,           0,          34,      -4.247641666,       -1.68464223,      -1.812076302,      -1.727022935,       1.317306758,       38143.84379,    0.007840031781,      0.2870257074,     0.01644818202,      0.1507485236,    -0.06484989503,     0.01732993364,    -0.00749306395,     0.01644818202,      0.2870349749,       36.61027346
          0,           0,          35,      -4.328856808,      -1.763126038,      -1.892877385,      -1.816038121,       1.235303376,       38143.84379,    0.007836715572,      0.2870129877,     0.01645014336,      0.1507355153,    -0.06483741493,     0.01732817396,   -0.007495696431,     0.01645014336,      0.2870220963,       36.62414248
          0,           0,          36,      -4.405474172,      -1.839255573,      -1.978493368,      -1.906719756,       1.157916038,       38143.84379,    0.007834716262,      0.2868545131,     0.01644431336,      0.1506459651,    -0.06477035427,     0.01732231513,   -0.007489233248,     0.01644431336,      0.2868637409,       36.61326122
          0,           0,          37,      -4.480569455,      -1.911749601,      -2.045546309,      -1.981593758,       1.082448565,       38143.84379,    0.007836132987,      0.2867662456,     0.01643915765,      0.1505985213,    -0.06473428013,     0.01731815421,   -0.007483106677,     0.01643915765,      0.2867756749,        36.5953776
          0,           0,          38,      -4.554817767,      -1.984340299,      -2.102961542,      -2.045750762,       1.008524276,       38143.84379,    0.007834170547,      0.2866993125,     0.01643711695,      0.1505631771,    -0.06470431783,     0.01731674898,   -0.007481493314,     0.01643711695,      0.2867087325,       36.59600091
          0,           0,          39,      -4.628366924,        -2.0560223,      -2.154239248,      -2.100442665,      0.9356045577,       38143.84379,    0.007831018567,      0.2866398618,     0.01643625993,      0.1505315777,    -0.06467695143,     0.01731635538,   -0.007481467221,     0.01643625993,      0.2866491983,       36.60313908
          0,           0,          40,      -4.702629904,      -2.127358046,      -2.200558991,      -2.149004466,       0.862210545,       38143.84379,    0.007828025171,      0.2865840857,     0.01643555581,      0.1505015715,     -0.0646513777,     0.01731592801,   -0.007481478926,     0.01643555581,      0.2865933419,       36.61001075
          0,           0,          41,      -4.777382419,      -2.198349583,      -2.243387092,      -2.193518885,       0.788280685,       38143.84379,      0.0078255325,      0.2865315609,      0.0164347488,      0.1504730486,    -0.06462754912,     0.01731521455,    -0.00748116418,      0.0164347488,      0.2865407589,       36.61496018
          0,           0,          42,      -4.851536451,      -2.268931972,      -2.284077741,      -2.235155582,      0.7145851474,       38143.84379,    0.007823459589,      0.2864828268,     0.01643388803,      0.1504464501,    -0.06460558422,     0.01731432006,   -0.007480632631,     0.01643388803,      0.2864919837,       36.61843249
          0,           0,          43,      -4.923803827,      -2.339123284,      -2.323405674,      -2.274915931,      0.6422507708,       38143.84379,    0.007821670855,      0.2864382259,     0.01643305475,      0.1504220683,     -0.0645855304,     0.01731339334,    -0.00748003794,     0.01643305475,      0.2864473509,       36.62110452
          0,           0,          44,       -4.99337679,       -2.40891735,      -2.361816985,      -2.313791499,      0.5722197117,       38143.84379,    0.007820094751,      0.2863977034,     0.01643227622,      0.1503999001,    -0.06456733447,     0.01731250822,   -0.007479448639,     0.01643227622,       0.286406802,       36.62330349
          0,           0,          45,      -5.060393085,      -2.478187602,      -2.399759388,      -2.352606572,      0.5047330188,       38143.84379,    0.007818692393,      0.2863610842,     0.01643155494,      0.1503798566,    -0.06455091108,     0.01731169254,   -0.007478894201,     0.01643155494,      0.2863701601,       36.62518869
          0,           0,          46,      -5.125826104,      -2.546642806,      -2.437790658,      -2.391929122,      0.4391940485,       38143.84379,    0.007817444783,      0.2863281399,     0.01643088445,      0.1503618114,    -0.06453615272,     0.01731094894,   -0.007478381409,     0.01643088445,      0.2863371962,       36.62681961
          0,           0,          47,      -5.190870315,      -2.613916752,      -2.476482698,      -2.432089961,      0.3745404026,       38143.84379,    0.007816335628,      0.2862986589,     0.01643026284,      0.1503456528,    -0.06452295437,     0.01731027578,   -0.007477915238,     0.01643026284,      0.2863076981,       36.62824532
          0,           0,          48,      -5.256246942,      -2.679708618,      -2.516299237,      -2.473258538,      0.3098759425,       38143.84379,    0.007815348407,      0.2862724717,     0.01642969406,      0.1503312939,     -0.0645112212,     0.01730967469,   -0.007477503136,     0.01642969406,      0.2862814955,        36.6295214
          0,           0,          49,      -5.321857557,      -2.743895013,      -2.557568722,      -2.515546964,      0.2449361561,       38143.84379,    0.007814499298,      0.2862498625,     0.01642919175,      0.1503188803,     -0.0645010195,     0.01730914927,   -0.007477144114,     0.01642919175,      0.2862588732,       36.63060825
          0,           0,          50,      -5.386995066,      -2.806609237,      -2.600893939,       -2.55937626,      0.1800302788,       38143.84379,    0.007813710177,      0.2862293536,     0.01642873036,      0.1503076235,    -0.06449179786,     0.01730867783,   -0.007476837311,     0.01642873036,      0.2862383514,       36.63168291
          0,           0,          51,      -5.450786171,      -2.868072044,      -2.645496794,       -2.60419201,      0.1160898456,       38143.84379,    0.007813232006,      0.2862155628,       0.016428415,      0.1502999838,     -0.0644852231,     0.01730832905,   -0.007476578624,       0.016428415,      0.2862245547,       36.63215972
          0,           0,          52,      -5.513279839,      -2.928941272,      -2.695516043,      -2.653144532,     0.05237001703,       38143.84379,    0.007812538397,      0.2861985747,     0.01642805269,      0.1502906688,    -0.06447758075,     0.01730796724,   -0.007476364394,     0.01642805269,      0.2862075539,       36.63323752
          0,           0,          53,      -5.574577005,      -2.989253261,      -2.743715076,      -2.701049169,   -0.009135477923,       38143.84379,    0.007811943946,      0.2861840223,     0.01642771259,      0.1502827169,     -0.0644711012,     0.01730763329,   -0.007476181161,     0.01642771259,      0.2861929904,       36.63416228
          0,           0,          54,      -5.635043787,      -3.048575748,      -2.791505859,      -2.748853566,    -0.06926511721,       38143.84379,    0.007811424774,      0.2861714034,     0.01642740863,      0.1502758537,    -0.06446550755,     0.01730733462,    -0.00747602598,     0.01642740863,      0.2861803619,       36.63498168
          0,           0,          55,      -5.695131722,      -3.107374469,      -2.839402652,      -2.796804747,     -0.1288611467,       38143.84379,    0.007810972653,      0.2861604568,     0.01642714017,      0.1502699269,    -0.06446066892,     0.01730706882,   -0.007475893105,     0.01642714017,      0.2861694067,       36.63570077
          0,           0,          56,      -5.755829955,      -3.165965974,      -2.887670136,      -2.845298815,     -0.1888692637,       38143.84379,    0.007810579045,      0.2861509439,     0.01642690459,      0.1502647992,    -0.06445647224,     0.01730683312,   -0.007475778338,     0.01642690459,      0.2861598864,       36.63632904
          0,           0,          57,      -5.817524557,      -3.224503128,      -2.936570124,      -2.894629255,     -0.2497777097,       38143.84379,    0.007810236234,      0.2861426751,     0.01642669976,      0.1502603616,    -0.06445283011,     0.01730662571,   -0.007475679259,     0.01642669976,      0.2861516111,       36.63687839
          0,           0,          58,      -5.879789264,      -3.283024325,      -2.986342149,      -2.944925766,     -0.3113987383,       38143.84379,    0.007809937597,       0.286135497,     0.01642652366,      0.1502565258,    -0.06444967224,      0.0173064452,   -0.007475594292,     0.01642652366,      0.2861444273,       36.63736022
          0,           0,          59,      -5.941838818,      -3.341534384,      -3.037138604,      -2.996213212,     -0.3731077699,       38143.84379,    0.007809677354,      0.2861292788,     0.01642637416,      0.1502532162,    -0.06444693849,     0.01730629011,   -0.007475522221,     0.01642637416,       0.286138204,       36.63778486
          0,           0,          60,      -6.003016889,      -3.400051603,      -3.089009774,      -3.048477852,     -0.4342208159,       38143.84379,    0.007809450249,      0.2861239038,     0.01642624892,      0.1502503656,    -0.06444457532,      0.0173061588,   -0.007475462078,     0.01642624892,      0.2861328246,       36.63816206
          0,           0,          61,      -6.063111435,      -3.458616275,      -3.141937539,      -3.101699574,     -0.4943404125,       38143.84379,    0.007809251643,      0.2861192683,     0.01642614548,      0.1502479142,    -0.06444253531,      0.0173060494,   -0.007475412951,     0.01642614548,      0.2861281851,       36.63850026
          0,           0,          62,      -6.122402546,      -3.517276993,      -3.195884599,      -3.155863113,     -0.5535216698,       38143.84379,     0.00780907761,      0.2861152811,      0.0164260613,      0.1502458101,    -0.06444077708,     0.01730595987,    -0.00747537389,      0.0164260613,      0.2861241943,       36.63880619
          0,           0,          63,      -6.181463657,      -3.576070816,      -3.250830413,      -3.210962612,      -0.612197209,       38143.84379,    0.007808924841,      0.2861118613,     0.01642599384,      0.1502440078,    -0.06443926428,     0.01730588805,   -0.007475343887,     0.01642599384,      0.2861207712,       36.63908504
          0,           0,          64,      -6.240863084,      -3.635014024,      -3.306786419,      -3.267004445,      -0.670938464,       38143.84379,    0.007808790545,      0.2861089379,     0.01642594069,      0.1502424679,     -0.0644379653,     0.01730583174,   -0.007475321938,     0.01642594069,      0.2861178449,       36.63934079
          0,           0,          65,      -6.300931122,      -3.694103507,       -3.36379365,      -3.324008188,     -0.7302029287,       38143.84379,    0.007808672437,       0.286106448,     0.01642589951,      0.1502411559,    -0.06443685244,     0.01730578869,    -0.00747530696,     0.01642589951,      0.2861153521,        36.6395761
          0,           0,          66,      -6.361688516,      -3.753326753,      -3.421911359,      -3.382004908,     -0.7901910057,       38143.84379,    0.007808568706,      0.2861043354,      0.0164258681,      0.1502400414,     -0.0644359016,     0.01730575668,   -0.007475297771,      0.0164258681,      0.2861132371,       36.63979228
          0,           0,          67,      -6.422926288,      -3.812672983,      -3.481203724,      -3.441033786,     -0.8508435718,       38143.84379,    0.007808477939,      0.2861025505,     0.01642584435,       0.150239098,    -0.06443509189,      0.0173057335,   -0.007475293129,     0.01642584435,      0.2861114499,       36.63998961
          0,           0,          68,       -6.48437718,      -3.872141014,      -3.541728563,      -3.501138174,     -0.9119521334,       38143.84379,    0.007808391735,      0.2861009335,     0.01642582443,      0.1502382425,    -0.06443436393,     0.01730571594,   -0.007475292891,     0.01642582443,      0.2861098306,       36.64018702
          0,           0,          69,      -6.545575155,      -3.931474309,      -3.602817647,      -3.561895912,     -0.9728541006,       38143.84379,    0.007808322638,      0.2860996617,     0.01642581012,      0.1502375678,    -0.06443378054,     0.01730570413,   -0.007475293995,     0.01642581012,      0.2861085568,       36.64034837
          0,           0,          70,      -6.606699422,      -3.990896151,      -3.665384718,      -3.623922295,      -1.033838963,       38143.84379,    0.007808264942,      0.2860986263,     0.01642579991,      0.1502370167,    -0.06443329876,     0.01730569665,   -0.007475296338,     0.01642579991,      0.2861075198,       36.64048651
          0,           0,          71,      -6.668421289,      -4.050784516,      -3.729644801,      -3.687377793,      -1.095357342,       38143.84379,    0.007808216721,      0.2860977753,     0.01642579217,      0.1502365621,    -0.06443289905,     0.01730569177,   -0.007475299063,     0.01642579217,      0.2861066675,        36.6406038
          0,           0,          72,       -6.73124957,      -4.111131849,      -3.795595961,      -3.752336525,      -1.157761341,       38143.84379,    0.007808176835,      0.2860970757,     0.01642578587,      0.1502361873,    -0.06443256879,     0.01730568834,   -0.007475301547,     0.01642578587,      0.2861059668,       36.64070138
          0,           0,          73,      -6.795404328,      -4.171849703,      -3.863192714,      -3.818798625,       -1.22126296,       38143.84379,    0.007808144453,      0.2860965036,     0.01642578039,      0.1502358803,    -0.06443229842,     0.01730568553,   -0.007475303343,     0.01642578039,      0.2861053937,       36.64078006
          0,           0,          74,      -6.860884039,      -4.232908663,      -3.932368704,      -3.886739529,        -1.2859446,       38143.84379,    0.007808118769,      0.2860960391,     0.01642577535,       0.150235631,    -0.06443207956,     0.01730568284,   -0.007475304196,     0.01642577535,      0.2861049286,        36.6408411
          0,           0,          75,      -6.927507221,       -4.29434756,      -4.003046303,      -3.956141557,      -1.351745608,       38143.84379,    0.007808098077,      0.2860956518,     0.01642577033,      0.1502354239,     -0.0644318998,     0.01730567986,    -0.00747530418,     0.01642577033,      0.2861045406,       36.64088859
          0,           0,          76,       -6.99490658,      -4.356152117,      -4.074996573,      -4.026931395,      -1.418330485,       38143.84379,    0.007808083224,      0.2860953522,     0.01642576561,      0.1502352643,    -0.06443176152,     0.01730567657,   -0.007475303021,     0.01642576561,      0.2861042407,       36.64091993
          0,           0,          77,       -7.06271257,      -4.418527877,      -4.148388557,      -4.099220735,      -1.485527839,       38143.84379,    0.007808072442,      0.2860951135,     0.01642576109,      0.1502351381,    -0.06443165317,     0.01730567297,   -0.007475301044,     0.01642576109,      0.2861040018,       36.64093995
          0,           0,          78,      -7.130681077,      -4.481616028,       -4.22319817,      -4.173012558,      -1.553050249,       38143.84379,    0.007808065283,      0.2860949297,     0.01642575686,      0.1502350419,     -0.0644315711,     0.01730566914,   -0.007475298381,     0.01642575686,      0.2861038178,          36.64095
          0,           0,          79,      -7.198645776,      -4.545475853,        -4.2994811,      -4.248331377,      -1.620725792,       38143.84379,    0.007808060715,      0.2860947871,     0.01642575296,      0.1502349684,    -0.06443150894,     0.01730566521,   -0.007475295333,     0.01642575296,      0.2861036753,       36.64095318
          0,           0,          80,      -7.266630427,      -4.610103368,      -4.377217408,      -4.325139361,      -1.688475669,       38143.84379,    0.007808058007,      0.2860946768,     0.01642574944,      0.1502349127,    -0.06443146222,     0.01730566133,   -0.007475292149,     0.01642574944,       0.286103565,       36.64095177
          0,           0,          81,       -7.33477796,      -4.675432491,      -4.456341248,      -4.403375406,      -1.756343469,       38143.84379,    0.007808056575,       0.286094592,     0.01642574635,      0.1502348711,    -0.06443142743,     0.01730565763,   -0.007475289052,     0.01642574635,      0.2861034802,       36.64094762
          0,           0,          82,      -7.403271199,       -4.74137717,      -4.536767126,      -4.482964467,      -1.824456674,       38143.84379,    0.007808055959,      0.2860945275,     0.01642574375,      0.1502348405,    -0.06443140178,     0.01730565428,   -0.007475286225,     0.01642574375,      0.2861034158,       36.64094226
          0,           0,          83,      -7.472232533,      -4.807831849,      -4.618405343,      -4.563826391,      -1.892937313,       38143.84379,    0.007808055805,      0.2860944791,     0.01642574166,      0.1502348187,    -0.06443138303,     0.01730565138,   -0.007475283793,     0.01642574166,      0.2861033674,       36.64093678
          0,           0,          84,      -7.541642204,      -4.874670436,      -4.701178065,      -4.645882011,       -1.96181259,       38143.84379,    0.007808056183,        0.28609445,     0.01642574025,      0.1502348068,    -0.06443137174,     0.01730564918,   -0.007475281862,     0.01642574025,      0.2861033384,       36.64093128
          0,           0,          85,      -7.611007439,      -4.941625963,      -4.785003865,      -4.728756624,      -2.031213916,       38143.84379,    0.007808056242,      0.2860944227,     0.01642573914,      0.1502347961,    -0.06443136143,     0.01730564731,   -0.007475280346,     0.01642573914,      0.2861033111,        36.6409275
          0,           0,          86,      -7.680636753,      -5.008809962,      -4.869859681,      -4.812836606,      -2.100394352,       38143.84379,    0.007808056298,      0.2860944039,     0.01642573843,      0.1502347896,     -0.0644313543,     0.01730564595,    -0.00747527929,     0.01642573843,      0.2861032924,       36.64092484
          0,           0,          87,      -7.749706624,      -5.075847347,         -4.955562,      -4.897869623,      -2.169122861,       38143.84379,    0.007808056278,      0.2860943918,      0.0164257381,      0.1502347863,    -0.06443134949,     0.01730564509,   -0.007475278661,      0.0164257381,      0.2861032803,       36.64092338
          0,           0,          88,      -7.817662064,      -5.142803054,      -5.042239779,      -4.983781046,      -2.236938801,       38143.84379,    0.007808056176,      0.2860943848,     0.01642573809,      0.1502347854,    -0.06443134642,     0.01730564468,   -0.007475278391,     0.01642573809,      0.2861032733,       36.64092296
          0,           0,          89,       -7.88415103,      -5.209687128,      -5.129985896,      -5.070521159,      -2.303451964,       38143.84379,    0.007808056022,       0.286094382,     0.01642573832,      0.1502347863,    -0.06443134475,     0.01730564464,   -0.007475278394,     0.01642573832,      0.2861032705,       36.64092332
          0,           0,          90,      -7.948991047,      -5.276448157,      -5.218902885,      -5.158052067,      -2.368414406,       38143.84379,    0.007808055804,      0.2860943825,     0.01642573876,      0.1502347885,    -0.06443134413,     0.01730564491,   -0.007475278636,     0.01642573876,      0.2861032709,       36.64092441
          0,           0,          91,      -8.012183355,      -5.342977517,      -5.309192716,      -5.246417006,      -2.431556791,       38143.84379,    0.007808055657,      0.2860943857,     0.01642573929,      0.1502347919,    -0.06443134465,     0.01730564537,   -0.007475278958,     0.01642573929,      0.2861032742,       36.64092551
          0,           0,          92,      -8.073578577,      -5.409144632,      -5.400813771,      -5.335394559,      -2.493059405,       38143.84379,    0.007808055589,      0.2860943912,      0.0164257399,      0.1502347961,    -0.06443134608,     0.01730564598,   -0.007475279319,      0.0164257399,      0.2861032797,       36.64092654
          0,           0,          93,      -8.133256147,      -5.474762909,       -5.49373518,      -5.424728303,      -2.552820064,       38143.84379,    0.007808055653,      0.2860943983,      0.0164257405,      0.1502348008,     -0.0644313483,     0.01730564663,   -0.007475279631,      0.0164257405,      0.2861032867,       36.64092714
          0,           0,          94,      -8.191209827,      -5.539625178,      -5.587499549,      -5.513844878,      -2.610937773,       38143.84379,    0.007808055876,      0.2860944063,     0.01642574105,      0.1502348057,    -0.06443135118,     0.01730564725,   -0.007475279837,     0.01642574105,      0.2861032947,       36.64092712
          0,           0,          95,      -8.247350416,      -5.603558342,      -5.681160013,      -5.601805401,      -2.667395596,       38143.84379,    0.007808056264,       0.286094415,     0.01642574154,      0.1502348107,    -0.06443135459,      0.0173056478,   -0.007475279914,     0.01642574154,      0.2861033034,       36.64092641
          0,           0,          96,      -8.301573774,      -5.666434011,      -5.773072755,      -5.687194257,       -2.72203922,       38143.84379,     0.00780805677,      0.2860944229,     0.01642574188,      0.1502348151,    -0.06443135803,     0.01730564818,   -0.007475279829,     0.01642574188,      0.2861033113,       36.64092505
          0,           0,          97,      -8.353819777,      -5.728825701,       -5.86130203,      -5.768751631,      -2.775455039,       38143.84379,    0.007808057414,      0.2860944314,     0.01642574217,      0.1502348197,    -0.06443136191,     0.01730564849,   -0.007475279639,     0.01642574217,      0.2861033198,       36.64092312
          0,           0,          98,      -8.404396919,      -5.790496119,      -5.943018847,      -5.844174572,      -2.826734313,       38143.84379,    0.007808058156,      0.2860944398,     0.01642574237,      0.1502348241,    -0.06443136591,     0.01730564869,   -0.007475279346,     0.01642574237,      0.2861033283,       36.64092071
          0,           0,          99,      -8.453242396,      -5.851817533,      -6.015283965,      -5.911679245,      -2.876068813,       38143.84379,     0.00780805896,      0.2860944476,     0.01642574249,      0.1502348282,    -0.06443136986,     0.01730564877,   -0.007475278964,     0.01642574249,      0.2861033362,       36.64091794
          0,           0,         100,      -8.500172621,      -5.913127948,      -6.076673986,      -5.970521687,       -2.92343217,       38143.84379,    0.007808059292,      0.2860944497,     0.01642574248,      0.1502348292,    -0.06443137133,     0.01730564873,   -0.007475278739,     0.01642574248,      0.2861033382,       36.64091664
          0,           0,         101,      -8.544807064,      -5.976273522,      -6.140561675,      -6.032106968,      -2.975444905,       38143.84379,    0.007808060092,       0.286094456,     0.01642574245,      0.1502348325,    -0.06443137491,     0.01730564862,   -0.007475278281,     0.01642574245,      0.2861033446,        36.6409137
          0,           0,         102,      -8.590852408,      -6.039159328,      -6.193621151,      -6.083396829,      -3.020516568,       38143.84379,    0.007808061025,      0.2860944636,     0.01642574242,      0.1502348364,    -0.06443137889,     0.01730564849,   -0.007475277751,     0.01642574242,      0.2861033522,       36.64091029
          0,           0,         103,      -8.636890821,      -6.100921211,      -6.231451095,      -6.123157313,      -3.063597613,       38143.84379,    0.007808061809,      0.2860944693,     0.01642574238,      0.1502348393,    -0.06443138202,     0.01730564834,   -0.007475277274,     0.01642574238,      0.2861033579,       36.64090734
          0,           0,         104,      -8.679082446,      -6.161029498,      -6.264019542,      -6.158650371,      -3.105278048,       38143.84379,    0.007808062591,      0.2860944744,      0.0164257423,      0.1502348419,    -0.06443138491,     0.01730564814,   -0.007475276767,      0.0164257423,      0.2861033631,       36.64090433
          0,           0,         105,       -8.71799273,      -6.217395091,      -6.293472367,      -6.190401469,      -3.143482548,       38143.84379,    0.007808062834,      0.2860944757,     0.01642574225,      0.1502348425,    -0.06443138581,     0.01730564805,   -0.007475276593,     0.01642574225,      0.2861033644,       36.64090336
          0,           0,         106,       -8.75512112,      -6.275120192,      -6.339588151,      -6.237044703,      -3.190062026,       38143.84379,    0.007808063388,      0.2860944789,     0.01642574215,      0.1502348442,    -0.06443138783,     0.01730564785,   -0.007475276212,     0.01642574215,      0.2861033676,       36.64090117
          0,           0,         107,      -8.794732156,      -6.329753394,      -6.382613022,      -6.278635363,        -3.2282973,       38143.84379,    0.007808063975,      0.2860944824,     0.01642574204,      0.1502348459,    -0.06443138988,     0.01730564763,    -0.00747527581,     0.01642574204,      0.2861033711,       36.64089886
          0,           0,         108,      -8.836982806,      -6.379313779,      -6.422059632,      -6.316565523,      -3.266438032,       38143.84379,     0.00780806445,       0.286094485,     0.01642574196,      0.1502348473,    -0.06443139142,     0.01730564745,   -0.007475275476,     0.01642574196,      0.2861033738,       36.64089696
          0,           0,         109,      -8.876986051,      -6.421945837,      -6.462797334,      -6.354999348,      -3.303878356,       38143.84379,     0.00780806478,      0.2860944867,      0.0164257419,      0.1502348482,    -0.06443139244,      0.0173056473,   -0.007475275237,      0.0164257419,      0.2861033755,       36.64089563
          0,           0,         110,      -8.914320828,      -6.461101762,      -6.509001329,      -6.397737753,      -3.340876597,       38143.84379,    0.007808065023,      0.2860944879,     0.01642574185,      0.1502348488,    -0.06443139317,     0.01730564719,    -0.00747527506,     0.01642574185,      0.2861033767,       36.64089465
          0,           0,         111,      -8.950652509,      -6.499210633,      -6.560307691,      -6.444388094,      -3.377379784,       38143.84379,    0.007808065201,      0.2860944889,     0.01642574181,      0.1502348493,    -0.06443139371,     0.01730564711,   -0.007475274931,     0.01642574181,      0.2861033776,       36.64089393
          0,           0,         112,      -8.987278651,      -6.537704951,      -6.615974342,      -6.494040208,       -3.41410553,       38143.84379,    0.007808065329,      0.2860944896,     0.01642574179,      0.1502348497,    -0.06443139411,     0.01730564706,   -0.007475274842,     0.01642574179,      0.2861033784,       36.64089342
          0,           0,         113,      -9.024744655,      -6.577481202,      -6.675255833,      -6.545679781,      -3.451541089,       38143.84379,    0.007808065421,      0.2860944902,     0.01642574177,        0.15023485,     -0.0644313944,     0.01730564702,   -0.007475274782,     0.01642574177,       0.286103379,       36.64089307
          0,           0,         114,      -9.063120324,      -6.619073479,      -6.737119106,       -6.59844253,      -3.489817155,       38143.84379,    0.007808065486,      0.2860944907,     0.01642574176,      0.1502348503,    -0.06443139462,       0.017305647,   -0.007475274744,     0.01642574176,      0.2861033795,       36.64089283
          0,           0,         115,      -9.102215066,      -6.662516658,       -6.80036696,       -6.65171908,      -3.528809927,       38143.84379,    0.007808065535,      0.2860944911,     0.01642574176,      0.1502348505,     -0.0644313948,     0.01730564699,   -0.007475274718,     0.01642574176,      0.2861033799,       36.64089266
          0,           0,         116,      -9.141764924,      -6.707405891,      -6.863872563,      -6.705109755,      -3.568297747,       38143.84379,    0.007808065574,      0.2860944915,     0.01642574176,      0.1502348507,    -0.06443139495,     0.01730564699,   -0.007475274701,     0.01642574176,      0.2861033803,       36.64089252
          0,           0,         117,      -9.181552408,      -6.753073837,       -6.92669412,      -6.758353957,      -3.608075629,       38143.84379,    0.007808065609,      0.2860944919,     0.01642574175,      0.1502348509,     -0.0644313951,     0.01730564699,   -0.007475274686,     0.01642574175,      0.2861033807,       36.64089241
          0,           0,         118,      -9.221456219,      -6.798788688,       -6.98804717,      -6.811281106,      -3.648012814,       38143.84379,    0.007808065645,      0.2860944922,     0.01642574175,      0.1502348511,    -0.06443139525,     0.01730564699,    -0.00747527467,     0.01642574175,      0.2861033811,       36.64089229
          0,           0,         119,      -9.261455181,      -6.843948712,      -7.047217974,      -6.863762728,      -3.688067251,       38143.84379,    0.007808065684,      0.2860944927,     0.01642574175,      0.1502348513,    -0.06443139542,       0.017305647,   -0.007475274652,     0.01642574175,      0.2861033815,       36.64089215
          0,           0,         120,       -9.30154841,      -6.886809637,      -7.102523469,      -6.914446672,      -3.727462536,       38143.84379,    0.007808065729,       0.286094493,     0.01642574174,      0.1502348515,     -0.0644313956,       0.017305647,   -0.007475274627,     0.01642574174,      0.2861033818,       36.64089199
          0,           0,         121,      -9.341608318,      -6.928768443,      -7.154044746,      -6.964692764,      -3.767357627,       38143.84379,    0.007808065779,      0.2860944934,     0.01642574174,      0.1502348516,    -0.06443139579,     0.01730564699,   -0.007475274596,     0.01642574174,      0.2861033822,        36.6408918
          0,           0,         122,      -9.381844665,      -6.970286144,      -7.201889334,      -7.014235336,      -3.807607649,       38143.84379,    0.007808065834,      0.2860944937,     0.01642574173,      0.1502348518,    -0.06443139599,     0.01730564698,   -0.007475274559,     0.01642574173,      0.2861033825,       36.64089159
          0,           0,         123,      -9.422643425,      -7.011676935,      -7.246345161,      -7.062762293,        -3.8484069,       38143.84379,    0.007808065892,       0.286094494,     0.01642574171,      0.1502348519,    -0.06443139619,     0.01730564697,   -0.007475274519,     0.01642574171,      0.2861033829,       36.64089136
          0,           0,         124,      -9.464161757,      -7.053149956,      -7.288063679,      -7.110066169,      -3.889876106,       38143.84379,    0.007808065926,      0.2860944942,      0.0164257417,       0.150234852,    -0.06443139629,     0.01730564696,   -0.007475274491,      0.0164257417,       0.286103383,       36.64089121
          0,           0,         125,      -9.505778818,      -7.103815074,      -7.335666641,      -7.165044905,      -3.937661281,       38143.84379,    0.007808065983,      0.2860944944,     0.01642574169,      0.1502348521,    -0.06443139648,     0.01730564694,   -0.007475274449,     0.01642574169,      0.2861033833,       36.64089098
          0,           0,         126,      -9.550120001,      -7.151656005,      -7.380412583,      -7.212058556,      -3.980662561,       38143.84379,    0.007808066042,      0.2860944947,     0.01642574168,      0.1502348522,    -0.06443139667,     0.01730564693,   -0.007475274406,     0.01642574168,      0.2861033836,       36.64089074
          0,           0,         127,      -9.595654524,      -7.193781683,      -7.420375706,      -7.253389713,      -4.023168515,       38143.84379,    0.007808066057,      0.2860944948,     0.01642574167,      0.1502348522,    -0.06443139671,     0.01730564692,   -0.007475274393,     0.01642574167,      0.2861033836,       36.64089068
          0,           0,         128,      -9.636437829,      -7.247060491,      -7.468955414,      -7.309713388,       -4.07668985,       38143.84379,    0.007808066099,       0.286094495,     0.01642574166,      0.1502348523,    -0.06443139685,      0.0173056469,   -0.007475274361,     0.01642574166,      0.2861033838,        36.6408905
          0,           0,         129,      -9.678731993,      -7.295341086,      -7.517163139,      -7.355361889,      -4.117641576,       38143.84379,    0.007808066148,      0.2860944952,     0.01642574165,      0.1502348524,      -0.064431397,     0.01730564689,   -0.007475274324,     0.01642574165,       0.286103384,        36.6408903
          0,           0,         130,      -9.724527396,      -7.336236893,      -7.560538652,      -7.390605282,      -4.156723799,       38143.84379,    0.007808066193,      0.2860944954,     0.01642574164,      0.1502348525,    -0.06443139713,     0.01730564688,   -0.007475274288,     0.01642574164,      0.2861033842,       36.64089011
          0,           0,         131,      -9.765984019,      -7.367015753,       -7.60108243,      -7.421614629,      -4.193584397,       38143.84379,    0.007808066228,      0.2860944955,     0.01642574163,      0.1502348526,    -0.06443139723,     0.01730564687,   -0.007475274259,     0.01642574163,      0.2861033843,       36.64088996
          0,           0,         132,      -9.801590365,      -7.395015791,      -7.644493543,      -7.455201844,      -4.228519078,       38143.84379,    0.007808066257,      0.2860944955,     0.01642574162,      0.1502348526,     -0.0644313973,     0.01730564685,   -0.007475274234,     0.01642574162,      0.2861033844,       36.64088983
          0,           0,         133,      -9.834742116,      -7.424195144,      -7.691984707,      -7.490806201,      -4.262044936,       38143.84379,     0.00780806628,      0.2860944956,     0.01642574162,      0.1502348526,    -0.06443139736,     0.01730564685,   -0.007475274214,     0.01642574162,      0.2861033844,       36.64088973
          0,           0,         134,      -9.868490266,      -7.457254946,      -7.742986217,      -7.528508004,      -4.296076523,       38143.84379,    0.007808066298,      0.2860944956,     0.01642574161,      0.1502348526,     -0.0644313974,     0.01730564684,   -0.007475274197,     0.01642574161,      0.2861033845,       36.64088965
          0,           0,         135,       -9.90405874,      -7.495159129,      -7.796553685,       -7.56878641,       -4.33172349,       38143.84379,    0.007808066311,      0.2860944956,     0.01642574161,      0.1502348526,    -0.06443139743,     0.01730564683,   -0.007475274185,     0.01642574161,      0.2861033845,       36.64088959
          0,           0,         136,      -9.941609853,      -7.537419856,      -7.851419467,      -7.611625711,      -4.369241379,       38143.84379,     0.00780806632,      0.2860944956,     0.01642574161,      0.1502348526,    -0.06443139744,     0.01730564683,   -0.007475274176,     0.01642574161,      0.2861033845,       36.64088955
          0,           0,         137,       -9.98090836,      -7.582908701,      -7.906014726,      -7.656550673,      -4.408464393,       38143.84379,    0.007808066325,      0.2860944956,     0.01642574161,      0.1502348526,    -0.06443139744,     0.01730564683,    -0.00747527417,     0.01642574161,      0.2861033845,       36.64088953
          0,           0,         138,      -10.02160936,      -7.630437614,      -7.958697276,      -7.702908725,      -4.449079714,       38143.84379,    0.007808066327,      0.2860944956,     0.01642574161,      0.1502348526,    -0.06443139744,     0.01730564683,   -0.007475274166,     0.01642574161,      0.2861033844,       36.64088951
