"PointID","x","y","Pressure","Velocity_x","Velocity_y","Nu_Tilde"
192, 1.000000000000000e+00, 5.352202629500000e-08, 1.212118231641037e-01, 0.000000000000000e+00, 0.000000000000000e+00, 0.000000000000000e+00
193, 9.990009933457160e-01, -1.415916575292282e-04, 1.185423738564587e-01, 0.000000000000000e+00, 0.000000000000000e+00, 0.000000000000000e+00
194, 9.979658291430820e-01, -2.881794857271442e-04, 1.148838355707879e-01, 0.000000000000000e+00, 0.000000000000000e+00, 0.000000000000000e+00
195, 9.968932772885490e-01, -4.398586638588618e-04, 1.113375434052283e-01, 0.000000000000000e+00, 0.000000000000000e+00, 0.000000000000000e+00
196, 9.957820729228830e-01, -5.967886532841323e-04, 1.082144572762041e-01, 0.000000000000000e+00, 0.000000000000000e+00, 0.000000000000000e+00
197, 9.946309145593470e-01, -7.591305470417242e-04, 1.054682407478771e-01, 0.000000000000000e+00, 0.000000000000000e+00, 0.000000000000000e+00
198, 9.934384637941019e-01, -9.270488597400344e-04, 1.029483620739211e-01, 0.000000000000000e+00, 0.000000000000000e+00, 0.000000000000000e+00
199, 9.922033447911550e-01, -1.100711481734587e-03, 1.005472396295231e-01, 0.000000000000000e+00, 0.000000000000000e+00, 0.000000000000000e+00
200, 9.909241437988340e-01, -1.280289614488857e-03, 9.821141875613636e-02, 0.000000000000000e+00, 0.000000000000000e+00, 0.000000000000000e+00
201, 9.895994087262190e-01, -1.465957716968706e-03, 9.591941263004872e-02, 0.000000000000000e+00, 0.000000000000000e+00, 0.000000000000000e+00
202, 9.882276487590520e-01, -1.657893415929766e-03, 9.366147952928075e-02, 0.000000000000000e+00, 0.000000000000000e+00, 0.000000000000000e+00
203, 9.868073340184690e-01, -1.856277410554656e-03, 9.143068583377445e-02, 0.000000000000000e+00, 0.000000000000000e+00, 0.000000000000000e+00
204, 9.853368952903420e-01, -2.061293361678059e-03, 8.922083142953607e-02, 0.000000000000000e+00, 0.000000000000000e+00, 0.000000000000000e+00
205, 9.838147238361660e-01, -2.273127772284692e-03, 8.702646740359195e-02, 0.000000000000000e+00, 0.000000000000000e+00, 0.000000000000000e+00
206, 9.822391712272380e-01, -2.491969834944034e-03, 8.484308267150587e-02, 0.000000000000000e+00, 0.000000000000000e+00, 0.000000000000000e+00
207, 9.806085493252490e-01, -2.718011281798061e-03, 8.266709962483333e-02, 0.000000000000000e+00, 0.000000000000000e+00, 0.000000000000000e+00
208, 9.789211302792580e-01, -2.951446198418808e-03, 8.049571820270593e-02, 0.000000000000000e+00, 0.000000000000000e+00, 0.000000000000000e+00
209, 9.771751466664890e-01, -3.192470825092900e-03, 7.832681855051023e-02, 0.000000000000000e+00, 0.000000000000000e+00, 0.000000000000000e+00
210, 9.753687917200690e-01, -3.441283350046040e-03, 7.615870974930720e-02, 0.000000000000000e+00, 0.000000000000000e+00, 0.000000000000000e+00
211, 9.735002196451090e-01, -3.698083649881599e-03, 7.399010401500826e-02, 0.000000000000000e+00, 0.000000000000000e+00, 0.000000000000000e+00
212, 9.715675460812661e-01, -3.963073044857662e-03, 7.182001235321847e-02, 0.000000000000000e+00, 0.000000000000000e+00, 0.000000000000000e+00
213, 9.695688486768370e-01, -4.236453999195831e-03, 6.964768109092387e-02, 0.000000000000000e+00, 0.000000000000000e+00, 0.000000000000000e+00
214, 9.675021678017420e-01, -4.518429822299970e-03, 6.747254798644554e-02, 0.000000000000000e+00, 0.000000000000000e+00, 0.000000000000000e+00
215, 9.653655074033110e-01, -4.809204324888168e-03, 6.529422694583245e-02, 0.000000000000000e+00, 0.000000000000000e+00, 0.000000000000000e+00
216, 9.631568360186920e-01, -5.108981458577545e-03, 6.311243697127858e-02, 0.000000000000000e+00, 0.000000000000000e+00, 0.000000000000000e+00
217, 9.608740879536010e-01, -5.417964935352300e-03, 6.092700754309976e-02, 0.000000000000000e+00, 0.000000000000000e+00, 0.000000000000000e+00
218, 9.585151646336830e-01, -5.736357801147233e-03, 5.873785799221154e-02, 0.000000000000000e+00, 0.000000000000000e+00, 0.000000000000000e+00
219, 9.560779361314430e-01, -6.064361994812915e-03, 5.654497638788922e-02, 0.000000000000000e+00, 0.000000000000000e+00, 0.000000000000000e+00
220, 9.535602429161220e-01, -6.402177880090121e-03, 5.434841555002722e-02, 0.000000000000000e+00, 0.000000000000000e+00, 0.000000000000000e+00
221, 9.509598977819530e-01, -6.750003738418787e-03, 5.214827826522692e-02, 0.000000000000000e+00, 0.000000000000000e+00, 0.000000000000000e+00
222, 9.482746880048850e-01, -7.108035234927211e-03, 4.994470071535433e-02, 0.000000000000000e+00, 0.000000000000000e+00, 0.000000000000000e+00
223, 9.455023777253990e-01, -7.476464858421941e-03, 4.773785709810802e-02, 0.000000000000000e+00, 0.000000000000000e+00, 0.000000000000000e+00
224, 9.426407105822270e-01, -7.855481327107042e-03, 4.552794728545606e-02, 0.000000000000000e+00, 0.000000000000000e+00, 0.000000000000000e+00
225, 9.396874125684220e-01, -8.245268966510694e-03, 4.331518215058993e-02, 0.000000000000000e+00, 0.000000000000000e+00, 0.000000000000000e+00
226, 9.366401951685740e-01, -8.646007049145999e-03, 4.109977976014841e-02, 0.000000000000000e+00, 0.000000000000000e+00, 0.000000000000000e+00
227, 9.334967587575570e-01, -9.057869113770373e-03, 3.888196480418907e-02, 0.000000000000000e+00, 0.000000000000000e+00, 0.000000000000000e+00
228, 9.302547962764830e-01, -9.481022247350132e-03, 3.666195157696329e-02, 0.000000000000000e+00, 0.000000000000000e+00, 0.000000000000000e+00
229, 9.269119971968330e-01, -9.915626340390895e-03, 3.443994822765317e-02, 0.000000000000000e+00, 0.000000000000000e+00, 0.000000000000000e+00
230, 9.234660517702999e-01, -1.036183331256595e-02, 3.221614903427033e-02, 0.000000000000000e+00, 0.000000000000000e+00, 0.000000000000000e+00
231, 9.199146555999830e-01, -1.081978630643636e-02, 2.999073073767222e-02, 0.000000000000000e+00, 0.000000000000000e+00, 0.000000000000000e+00
232, 9.162555145009680e-01, -1.128961886009035e-02, 2.776385132273592e-02, 0.000000000000000e+00, 0.000000000000000e+00, 0.000000000000000e+00
233, 9.124863496792260e-01, -1.177145404520004e-02, 2.553564675294633e-02, 0.000000000000000e+00, 0.000000000000000e+00, 0.000000000000000e+00
234, 9.086049032279730e-01, -1.226540359178139e-02, 2.330622983987467e-02, 0.000000000000000e+00, 0.000000000000000e+00, 0.000000000000000e+00
235, 9.046089439484650e-01, -1.277156697172146e-02, 2.107568932033109e-02, 0.000000000000000e+00, 0.000000000000000e+00, 0.000000000000000e+00
236, 9.004962734807360e-01, -1.329003047580013e-02, 1.884408750746716e-02, 0.000000000000000e+00, 0.000000000000000e+00, 0.000000000000000e+00
237, 8.962647327563030e-01, -1.382086626549480e-02, 1.661146068369576e-02, 0.000000000000000e+00, 0.000000000000000e+00, 0.000000000000000e+00
238, 8.919122087664410e-01, -1.436413140679768e-02, 1.437781690295875e-02, 0.000000000000000e+00, 0.000000000000000e+00, 0.000000000000000e+00
239, 8.874366416441960e-01, -1.491986688391289e-02, 1.214313537441468e-02, 0.000000000000000e+00, 0.000000000000000e+00, 0.000000000000000e+00
240, 8.828360320456839e-01, -1.548809659764239e-02, 9.907364178681816e-03, 0.000000000000000e+00, 0.000000000000000e+00, 0.000000000000000e+00
241, 8.781084488119389e-01, -1.606882637554761e-02, 7.670420346842888e-03, 0.000000000000000e+00, 0.000000000000000e+00, 0.000000000000000e+00
242, 8.732520369379220e-01, -1.666204293780597e-02, 5.432190181118947e-03, 0.000000000000000e+00, 0.000000000000000e+00, 0.000000000000000e+00
243, 8.682650257749110e-01, -1.726771287742553e-02, 3.192527476372153e-03, 0.000000000000000e+00, 0.000000000000000e+00, 0.000000000000000e+00
244, 8.631457374960591e-01, -1.788578165295289e-02, 9.512518222969469e-04, 0.000000000000000e+00, 0.000000000000000e+00, 0.000000000000000e+00
245, 8.578925957790550e-01, -1.851617254213506e-02, -1.291852224875817e-03, 0.000000000000000e+00, 0.000000000000000e+00, 0.000000000000000e+00
246, 8.525041346896460e-01, -1.915878563887750e-02, -3.537029162404256e-03, 0.000000000000000e+00, 0.000000000000000e+00, 0.000000000000000e+00
247, 8.469790077255021e-01, -1.981349683969546e-02, -5.784555864419321e-03, 0.000000000000000e+00, 0.000000000000000e+00, 0.000000000000000e+00
248, 8.413159970120960e-01, -2.048015683562499e-02, -8.034750833678442e-03, 0.000000000000000e+00, 0.000000000000000e+00, 0.000000000000000e+00
249, 8.355140225863250e-01, -2.115859013629627e-02, -1.028796704440534e-02, 0.000000000000000e+00, 0.000000000000000e+00, 0.000000000000000e+00
250, 8.295721517532200e-01, -2.184859409030840e-02, -1.254459133449147e-02, 0.000000000000000e+00, 0.000000000000000e+00, 0.000000000000000e+00
251, 8.234896084539240e-01, -2.254993796502777e-02, -1.480504550459296e-02, 0.000000000000000e+00, 0.000000000000000e+00, 0.000000000000000e+00
252, 8.172657826166300e-01, -2.326236201353585e-02, -1.706978623968400e-02, 0.000000000000000e+00, 0.000000000000000e+00, 0.000000000000000e+00
253, 8.109002394283870e-01, -2.398557659484225e-02, -1.933930392461459e-02, 0.000000000000000e+00, 0.000000000000000e+00, 0.000000000000000e+00
254, 8.043927284804649e-01, -2.471926132528821e-02, -2.161412354488845e-02, 0.000000000000000e+00, 0.000000000000000e+00, 0.000000000000000e+00
255, 7.977431927271550e-01, -2.546306430877410e-02, -2.389480195525535e-02, 0.000000000000000e+00, 0.000000000000000e+00, 0.000000000000000e+00
256, 7.909517772165610e-01, -2.621660130830753e-02, -2.618192623840212e-02, 0.000000000000000e+00, 0.000000000000000e+00, 0.000000000000000e+00
257, 7.840188375019090e-01, -2.697945512970244e-02, -2.847611378703854e-02, 0.000000000000000e+00, 0.000000000000000e+00, 0.000000000000000e+00
258, 7.769449477048480e-01, -2.775117492280826e-02, -3.077800811268159e-02, 0.000000000000000e+00, 0.000000000000000e+00, 0.000000000000000e+00
259, 7.697309081434870e-01, -2.853127562179953e-02, -3.308827722186986e-02, 0.000000000000000e+00, 0.000000000000000e+00, 0.000000000000000e+00
260, 7.623777524675190e-01, -2.931923744885270e-02, -3.540761096332396e-02, 0.000000000000000e+00, 0.000000000000000e+00, 0.000000000000000e+00
261, 7.548867542360230e-01, -3.011450548229472e-02, -3.773671535043518e-02, 0.000000000000000e+00, 0.000000000000000e+00, 0.000000000000000e+00
262, 7.472594328699030e-01, -3.091648930628510e-02, -4.007631158426042e-02, 0.000000000000000e+00, 0.000000000000000e+00, 0.000000000000000e+00
263, 7.394975589091980e-01, -3.172456285259752e-02, -4.242713038135724e-02, 0.000000000000000e+00, 0.000000000000000e+00, 0.000000000000000e+00
264, 7.316031585245610e-01, -3.253806414443636e-02, -4.478990461830366e-02, 0.000000000000000e+00, 0.000000000000000e+00, 0.000000000000000e+00
265, 7.235785172006580e-01, -3.335629538946504e-02, -4.716536668779571e-02, 0.000000000000000e+00, 0.000000000000000e+00, 0.000000000000000e+00
266, 7.154261825498690e-01, -3.417852304597178e-02, -4.955423988620104e-02, 0.000000000000000e+00, 0.000000000000000e+00, 0.000000000000000e+00
267, 7.071489661900900e-01, -3.500397807030536e-02, -5.195723155455925e-02, 0.000000000000000e+00, 0.000000000000000e+00, 0.000000000000000e+00
268, 6.987499446352849e-01, -3.583185629664898e-02, -5.437502472988175e-02, 0.000000000000000e+00, 0.000000000000000e+00, 0.000000000000000e+00
269, 6.902324591553850e-01, -3.666131898713342e-02, -5.680827977439513e-02, 0.000000000000000e+00, 0.000000000000000e+00, 0.000000000000000e+00
270, 6.816001145580280e-01, -3.749149362242028e-02, -5.925762822316479e-02, 0.000000000000000e+00, 0.000000000000000e+00, 0.000000000000000e+00
271, 6.728567768624369e-01, -3.832147462183642e-02, -6.172365965609839e-02, 0.000000000000000e+00, 0.000000000000000e+00, 0.000000000000000e+00
272, 6.640065698311099e-01, -3.915032464739417e-02, -6.420691209176844e-02, 0.000000000000000e+00, 0.000000000000000e+00, 0.000000000000000e+00
273, 6.550538703431200e-01, -3.997707566021776e-02, -6.670786273177476e-02, 0.000000000000000e+00, 0.000000000000000e+00, 0.000000000000000e+00
274, 6.460033025913720e-01, -4.080073056778152e-02, -6.922691711276255e-02, 0.000000000000000e+00, 0.000000000000000e+00, 0.000000000000000e+00
275, 6.368597311040070e-01, -4.162026487339388e-02, -7.176441023932599e-02, 0.000000000000000e+00, 0.000000000000000e+00, 0.000000000000000e+00
276, 6.276282525902900e-01, -4.243462858861940e-02, -7.432059158237266e-02, 0.000000000000000e+00, 0.000000000000000e+00, 0.000000000000000e+00
277, 6.183141866275500e-01, -4.324274839564234e-02, -7.689561034667348e-02, 0.000000000000000e+00, 0.000000000000000e+00, 0.000000000000000e+00
278, 6.089230652104620e-01, -4.404353001843556e-02, -7.948950800260543e-02, 0.000000000000000e+00, 0.000000000000000e+00, 0.000000000000000e+00
279, 5.994606211969700e-01, -4.483586085111709e-02, -8.210221663459770e-02, 0.000000000000000e+00, 0.000000000000000e+00, 0.000000000000000e+00
280, 5.899327756923080e-01, -4.561861289428874e-02, -8.473354936858818e-02, 0.000000000000000e+00, 0.000000000000000e+00, 0.000000000000000e+00
281, 5.803456244206100e-01, -4.639064562994082e-02, -8.738318322039883e-02, 0.000000000000000e+00, 0.000000000000000e+00, 0.000000000000000e+00
282, 5.707054231490321e-01, -4.715080946865579e-02, -9.005066516743228e-02, 0.000000000000000e+00, 0.000000000000000e+00, 0.000000000000000e+00
283, 5.610185722295000e-01, -4.789794933213104e-02, -9.273539807000269e-02, 0.000000000000000e+00, 0.000000000000000e+00, 0.000000000000000e+00
284, 5.512916003363530e-01, -4.863090808605761e-02, -9.543663774847702e-02, 0.000000000000000e+00, 0.000000000000000e+00, 0.000000000000000e+00
285, 5.415311474864990e-01, -4.934853080700029e-02, -9.815349659236955e-02, 0.000000000000000e+00, 0.000000000000000e+00, 0.000000000000000e+00
286, 5.317439474301470e-01, -5.004966851411126e-02, -1.008849213154278e-01, 0.000000000000000e+00, 0.000000000000000e+00, 0.000000000000000e+00
287, 5.219368095125050e-01, -5.073318251519467e-02, -1.036297094756208e-01, 0.000000000000000e+00, 0.000000000000000e+00, 0.000000000000000e+00
288, 5.121166001065770e-01, -5.139794887290158e-02, -1.063864989449088e-01, 0.000000000000000e+00, 0.000000000000000e+00, 0.000000000000000e+00
289, 5.022902237254860e-01, -5.204286235180954e-02, -1.091537612021072e-01, 0.000000000000000e+00, 0.000000000000000e+00, 0.000000000000000e+00
290, 4.924646039207970e-01, -5.266684144175821e-02, -1.119298266936090e-01, 0.000000000000000e+00, 0.000000000000000e+00, 0.000000000000000e+00
291, 4.826466640805560e-01, -5.326883253102981e-02, -1.147128529795837e-01, 0.000000000000000e+00, 0.000000000000000e+00, 0.000000000000000e+00
292, 4.728433082391680e-01, -5.384781416072871e-02, -1.175008527625157e-01, 0.000000000000000e+00, 0.000000000000000e+00, 0.000000000000000e+00
293, 4.630614020053360e-01, -5.440280211021307e-02, -1.202916984814714e-01, 0.000000000000000e+00, 0.000000000000000e+00, 0.000000000000000e+00
294, 4.533077537294870e-01, -5.493285287912920e-02, -1.230831048699449e-01, 0.000000000000000e+00, 0.000000000000000e+00, 0.000000000000000e+00
295, 4.435890960039310e-01, -5.543706858920638e-02, -1.258726658008124e-01, 0.000000000000000e+00, 0.000000000000000e+00, 0.000000000000000e+00
296, 4.339120676130220e-01, -5.591460064650605e-02, -1.286578479964969e-01, 0.000000000000000e+00, 0.000000000000000e+00, 0.000000000000000e+00
297, 4.242831960256030e-01, -5.636465361576352e-02, -1.314359893070032e-01, 0.000000000000000e+00, 0.000000000000000e+00, 0.000000000000000e+00
298, 4.147088805266780e-01, -5.678648875377961e-02, -1.342043330175461e-01, 0.000000000000000e+00, 0.000000000000000e+00, 0.000000000000000e+00
299, 4.051953760710730e-01, -5.717942777353959e-02, -1.369600347966591e-01, 0.000000000000000e+00, 0.000000000000000e+00, 0.000000000000000e+00
300, 3.957487779587870e-01, -5.754285488135374e-02, -1.397001295544152e-01, 0.000000000000000e+00, 0.000000000000000e+00, 0.000000000000000e+00
301, 3.863750073740760e-01, -5.787622033036236e-02, -1.424216099721991e-01, 0.000000000000000e+00, 0.000000000000000e+00, 0.000000000000000e+00
302, 3.770797978812900e-01, -5.817904262446177e-02, -1.451214181366527e-01, 0.000000000000000e+00, 0.000000000000000e+00, 0.000000000000000e+00
303, 3.678686829301750e-01, -5.845090990697710e-02, -1.477964328894856e-01, 0.000000000000000e+00, 0.000000000000000e+00, 0.000000000000000e+00
304, 3.587469844042950e-01, -5.869148183384367e-02, -1.504434950341164e-01, 0.000000000000000e+00, 0.000000000000000e+00, 0.000000000000000e+00
305, 3.497198022648570e-01, -5.890049075727950e-02, -1.530594719219166e-01, 0.000000000000000e+00, 0.000000000000000e+00, 0.000000000000000e+00
306, 3.407920053178110e-01, -5.907774237985596e-02, -1.556411667940215e-01, 0.000000000000000e+00, 0.000000000000000e+00, 0.000000000000000e+00
307, 3.319682231339110e-01, -5.922311480334862e-02, -1.581853822164666e-01, 0.000000000000000e+00, 0.000000000000000e+00, 0.000000000000000e+00
308, 3.232528390902350e-01, -5.933656107664884e-02, -1.606889941995753e-01, 0.000000000000000e+00, 0.000000000000000e+00, 0.000000000000000e+00
309, 3.146499846177870e-01, -5.941810610016426e-02, -1.631489274801761e-01, 0.000000000000000e+00, 0.000000000000000e+00, 0.000000000000000e+00
310, 3.061635345664540e-01, -5.946784792894075e-02, -1.655623224151682e-01, 0.000000000000000e+00, 0.000000000000000e+00, 0.000000000000000e+00
311, 2.977971037424850e-01, -5.948595237681027e-02, -1.679258531316223e-01, 0.000000000000000e+00, 0.000000000000000e+00, 0.000000000000000e+00
312, 2.895540445181870e-01, -5.947265120547269e-02, -1.702364448434115e-01, 0.000000000000000e+00, 0.000000000000000e+00, 0.000000000000000e+00
313, 2.814374455823750e-01, -5.942825142657324e-02, -1.724915309908304e-01, 0.000000000000000e+00, 0.000000000000000e+00, 0.000000000000000e+00
314, 2.734501317315010e-01, -5.935311774455410e-02, -1.746883116832532e-01, 0.000000000000000e+00, 0.000000000000000e+00, 0.000000000000000e+00
315, 2.655946646872880e-01, -5.924767842335273e-02, -1.768241916499655e-01, 0.000000000000000e+00, 0.000000000000000e+00, 0.000000000000000e+00
316, 2.578733448481230e-01, -5.911241796041434e-02, -1.788964296072461e-01, 0.000000000000000e+00, 0.000000000000000e+00, 0.000000000000000e+00
317, 2.502882139928040e-01, -5.894787592728060e-02, -1.809024645791667e-01, 0.000000000000000e+00, 0.000000000000000e+00, 0.000000000000000e+00
318, 2.428410589052540e-01, -5.875464540499853e-02, -1.828400366565456e-01, 0.000000000000000e+00, 0.000000000000000e+00, 0.000000000000000e+00
319, 2.355334157097330e-01, -5.853336642986963e-02, -1.847068655290200e-01, 0.000000000000000e+00, 0.000000000000000e+00, 0.000000000000000e+00
320, 2.283665749856950e-01, -5.828472232042683e-02, -1.865007110172019e-01, 0.000000000000000e+00, 0.000000000000000e+00, 0.000000000000000e+00
321, 2.213415876361850e-01, -5.800943743150688e-02, -1.882194829495388e-01, 0.000000000000000e+00, 0.000000000000000e+00, 0.000000000000000e+00
322, 2.144592713403360e-01, -5.770827281676661e-02, -1.898613013129768e-01, 0.000000000000000e+00, 0.000000000000000e+00, 0.000000000000000e+00
323, 2.077202175558890e-01, -5.738202188035686e-02, -1.914242442077266e-01, 0.000000000000000e+00, 0.000000000000000e+00, 0.000000000000000e+00
324, 2.011247989315330e-01, -5.703150512358030e-02, -1.929065055507883e-01, 0.000000000000000e+00, 0.000000000000000e+00, 0.000000000000000e+00
325, 1.946731775047080e-01, -5.665756992593487e-02, -1.943064794307547e-01, 0.000000000000000e+00, 0.000000000000000e+00, 0.000000000000000e+00
326, 1.883653126994450e-01, -5.626108209808330e-02, -1.956224705379287e-01, 0.000000000000000e+00, 0.000000000000000e+00, 0.000000000000000e+00
327, 1.822009702078310e-01, -5.584292546583180e-02, -1.968529787015627e-01, 0.000000000000000e+00, 0.000000000000000e+00, 0.000000000000000e+00
328, 1.761797307773510e-01, -5.540399685008031e-02, -1.979965229559716e-01, 0.000000000000000e+00, 0.000000000000000e+00, 0.000000000000000e+00
329, 1.703009992540400e-01, -5.494520230997531e-02, -1.990516520059948e-01, 0.000000000000000e+00, 0.000000000000000e+00, 0.000000000000000e+00
330, 1.645640139002550e-01, -5.446745448005801e-02, -2.000170448405031e-01, 0.000000000000000e+00, 0.000000000000000e+00, 0.000000000000000e+00
331, 1.589678556741450e-01, -5.397166889254316e-02, -2.008913513873892e-01, 0.000000000000000e+00, 0.000000000000000e+00, 0.000000000000000e+00
332, 1.535114573767690e-01, -5.345875993105773e-02, -2.016731681937522e-01, 0.000000000000000e+00, 0.000000000000000e+00, 0.000000000000000e+00
333, 1.481936133152850e-01, -5.292963965893575e-02, -2.023612001601647e-01, 0.000000000000000e+00, 0.000000000000000e+00, 0.000000000000000e+00
334, 1.430129884302270e-01, -5.238521407848482e-02, -2.029541255543759e-01, 0.000000000000000e+00, 0.000000000000000e+00, 0.000000000000000e+00
335, 1.379681274460720e-01, -5.182638046035423e-02, -2.034505743245502e-01, 0.000000000000000e+00, 0.000000000000000e+00, 0.000000000000000e+00
336, 1.330574640378200e-01, -5.125402533974487e-02, -2.038491778923816e-01, 0.000000000000000e+00, 0.000000000000000e+00, 0.000000000000000e+00
337, 1.282793296795610e-01, -5.066902214524847e-02, -2.041484033966660e-01, 0.000000000000000e+00, 0.000000000000000e+00, 0.000000000000000e+00
338, 1.236319622083540e-01, -5.007222893918521e-02, -2.043467529694126e-01, 0.000000000000000e+00, 0.000000000000000e+00, 0.000000000000000e+00
339, 1.191135151250060e-01, -4.946448834516833e-02, -2.044426748844696e-01, 0.000000000000000e+00, 0.000000000000000e+00, 0.000000000000000e+00
340, 1.147220644565820e-01, -4.884662296676224e-02, -2.044343694269566e-01, 0.000000000000000e+00, 0.000000000000000e+00, 0.000000000000000e+00
341, 1.104556182112870e-01, -4.821943694639060e-02, -2.043200612891416e-01, 0.000000000000000e+00, 0.000000000000000e+00, 0.000000000000000e+00
342, 1.063121233630630e-01, -4.758371320803999e-02, -2.040977966305121e-01, 0.000000000000000e+00, 0.000000000000000e+00, 0.000000000000000e+00
343, 1.022894733944730e-01, -4.694021267187087e-02, -2.037654664701116e-01, 0.000000000000000e+00, 0.000000000000000e+00, 0.000000000000000e+00
344, 9.838551560343448e-02, -4.628967359474944e-02, -2.033208146718461e-01, 0.000000000000000e+00, 0.000000000000000e+00, 0.000000000000000e+00
345, 9.459805783183216e-02, -4.563281073024860e-02, -2.027613417009114e-01, 0.000000000000000e+00, 0.000000000000000e+00, 0.000000000000000e+00
346, 9.092487458410546e-02, -4.497031464160225e-02, -2.020844142265014e-01, 0.000000000000000e+00, 0.000000000000000e+00, 0.000000000000000e+00
347, 8.736371512041483e-02, -4.430285233482104e-02, -2.012871932679376e-01, 0.000000000000000e+00, 0.000000000000000e+00, 0.000000000000000e+00
348, 8.391230598462590e-02, -4.363106518129783e-02, -2.003665609975195e-01, 0.000000000000000e+00, 0.000000000000000e+00, 0.000000000000000e+00
349, 8.056836063629794e-02, -4.295557070633568e-02, -1.993191978404966e-01, 0.000000000000000e+00, 0.000000000000000e+00, 0.000000000000000e+00
350, 7.732958126675092e-02, -4.227696117578635e-02, -1.981414883221521e-01, 0.000000000000000e+00, 0.000000000000000e+00, 0.000000000000000e+00
351, 7.419366526021026e-02, -4.159580435127203e-02, -1.968295617932333e-01, 0.000000000000000e+00, 0.000000000000000e+00, 0.000000000000000e+00
352, 7.115831019240228e-02, -4.091264364521334e-02, -1.953792332324438e-01, 0.000000000000000e+00, 0.000000000000000e+00, 0.000000000000000e+00
353, 6.822121738866474e-02, -4.022799830314446e-02, -1.937860664447827e-01, 0.000000000000000e+00, 0.000000000000000e+00, 0.000000000000000e+00
354, 6.538009589133059e-02, -3.954236389493454e-02, -1.920453077760254e-01, 0.000000000000000e+00, 0.000000000000000e+00, 0.000000000000000e+00
355, 6.263266819094854e-02, -3.885621247281111e-02, -1.901515985605898e-01, 0.000000000000000e+00, 0.000000000000000e+00, 0.000000000000000e+00
356, 5.997667081241873e-02, -3.816999333835450e-02, -1.880996852784771e-01, 0.000000000000000e+00, 0.000000000000000e+00, 0.000000000000000e+00
357, 5.740985659663589e-02, -3.748413424723367e-02, -1.858836623547140e-01, 0.000000000000000e+00, 0.000000000000000e+00, 0.000000000000000e+00
358, 5.493000569505260e-02, -3.679903989277603e-02, -1.834970790058303e-01, 0.000000000000000e+00, 0.000000000000000e+00, 0.000000000000000e+00
359, 5.253491496401699e-02, -3.611509603963944e-02, -1.809338180292531e-01, 0.000000000000000e+00, 0.000000000000000e+00, 0.000000000000000e+00
360, 5.022241269090757e-02, -3.543266689255811e-02, -1.781866193786828e-01, 0.000000000000000e+00, 0.000000000000000e+00, 0.000000000000000e+00
361, 4.799035594034239e-02, -3.475209710972450e-02, -1.752477598395902e-01, 0.000000000000000e+00, 0.000000000000000e+00, 0.000000000000000e+00
362, 4.583663031323112e-02, -3.407371339454954e-02, -1.721095484330259e-01, 0.000000000000000e+00, 0.000000000000000e+00, 0.000000000000000e+00
363, 4.375915307868891e-02, -3.339782492585255e-02, -1.687639425182338e-01, 0.000000000000000e+00, 0.000000000000000e+00, 0.000000000000000e+00
364, 4.175587666437301e-02, -3.272472343659386e-02, -1.652025185114500e-01, 0.000000000000000e+00, 0.000000000000000e+00, 0.000000000000000e+00
365, 3.982478786745394e-02, -3.205468485255335e-02, -1.614164024535123e-01, 0.000000000000000e+00, 0.000000000000000e+00, 0.000000000000000e+00
366, 3.796391187205995e-02, -3.138796897436771e-02, -1.573957139480356e-01, 0.000000000000000e+00, 0.000000000000000e+00, 0.000000000000000e+00
367, 3.617131196629707e-02, -3.072482080198838e-02, -1.531291448345004e-01, 0.000000000000000e+00, 0.000000000000000e+00, 0.000000000000000e+00
368, 3.444508613221498e-02, -3.006547322461565e-02, -1.486091099905655e-01, 0.000000000000000e+00, 0.000000000000000e+00, 0.000000000000000e+00
369, 3.278336293847259e-02, -2.941015003402116e-02, -1.438243278735766e-01, 0.000000000000000e+00, 0.000000000000000e+00, 0.000000000000000e+00
370, 3.118433505755526e-02, -2.875905263829194e-02, -1.387631644639927e-01, 0.000000000000000e+00, 0.000000000000000e+00, 0.000000000000000e+00
371, 2.964620379885614e-02, -2.811238465852158e-02, -1.334145306034891e-01, 0.000000000000000e+00, 0.000000000000000e+00, 0.000000000000000e+00
372, 2.816723852735188e-02, -2.747032780714164e-02, -1.277685002899838e-01, 0.000000000000000e+00, 0.000000000000000e+00, 0.000000000000000e+00
373, 2.674571619361430e-02, -2.683306811876611e-02, -1.218125341195082e-01, 0.000000000000000e+00, 0.000000000000000e+00, 0.000000000000000e+00
374, 2.537999933038067e-02, -2.620076435790242e-02, -1.155314104724258e-01, 0.000000000000000e+00, 0.000000000000000e+00, 0.000000000000000e+00
375, 2.406843395287114e-02, -2.557359101259573e-02, -1.089215333498551e-01, 0.000000000000000e+00, 0.000000000000000e+00, 0.000000000000000e+00
376, 2.280943840223927e-02, -2.495170224279449e-02, -1.019694858766838e-01, 0.000000000000000e+00, 0.000000000000000e+00, 0.000000000000000e+00
377, 2.160147523998461e-02, -2.433524454266298e-02, -9.466022611470401e-02, 0.000000000000000e+00, 0.000000000000000e+00, 0.000000000000000e+00
378, 2.044303684999827e-02, -2.372436301259453e-02, -8.698087976937298e-02, 0.000000000000000e+00, 0.000000000000000e+00, 0.000000000000000e+00
379, 1.933264577364453e-02, -2.311920147574102e-02, -7.892333328098064e-02, 0.000000000000000e+00, 0.000000000000000e+00, 0.000000000000000e+00
380, 1.826885694347390e-02, -2.251990184115951e-02, -7.048044961349820e-02, 0.000000000000000e+00, 0.000000000000000e+00, 0.000000000000000e+00
381, 1.725027025628878e-02, -2.192659997446520e-02, -6.164314568280616e-02, 0.000000000000000e+00, 0.000000000000000e+00, 0.000000000000000e+00
382, 1.627551728550267e-02, -2.133943095109168e-02, -5.240675427975029e-02, 0.000000000000000e+00, 0.000000000000000e+00, 0.000000000000000e+00
383, 1.534325775873743e-02, -2.075853028794174e-02, -4.276757077101901e-02, 0.000000000000000e+00, 0.000000000000000e+00, 0.000000000000000e+00
384, 1.445220176924677e-02, -2.018402699144572e-02, -3.271487281288574e-02, 0.000000000000000e+00, 0.000000000000000e+00, 0.000000000000000e+00
385, 1.360109734828220e-02, -1.961604856802020e-02, -2.223700604041950e-02, 0.000000000000000e+00, 0.000000000000000e+00, 0.000000000000000e+00
386, 1.278871775324965e-02, -1.905472534824819e-02, -1.131939165008078e-02, 0.000000000000000e+00, 0.000000000000000e+00, 0.000000000000000e+00
387, 1.201383492936366e-02, -1.850019750455055e-02, -1.070010104591759e-05, 0.000000000000000e+00, 0.000000000000000e+00, 0.000000000000000e+00
388, 1.127516040522520e-02, -1.795262732939143e-02, 1.172102858176737e-02, 0.000000000000000e+00, 0.000000000000000e+00, 0.000000000000000e+00
389, 1.057172276859147e-02, -1.741205084973305e-02, 2.386384559077227e-02, 0.000000000000000e+00, 0.000000000000000e+00, 0.000000000000000e+00
390, 9.902279364297219e-03, -1.687881144823647e-02, 3.637789139691305e-02, 0.000000000000000e+00, 0.000000000000000e+00, 0.000000000000000e+00
391, 9.265720030004429e-03, -1.635282692380361e-02, 4.929824179818513e-02, 0.000000000000000e+00, 0.000000000000000e+00, 0.000000000000000e+00
392, 8.660977828664375e-03, -1.583432528077909e-02, 6.257903822676301e-02, 0.000000000000000e+00, 0.000000000000000e+00, 0.000000000000000e+00
393, 8.087034422403421e-03, -1.532350104602352e-02, 7.620495933004419e-02, 0.000000000000000e+00, 0.000000000000000e+00, 0.000000000000000e+00
394, 7.542786566780755e-03, -1.482043018931576e-02, 9.015665583419308e-02, 0.000000000000000e+00, 0.000000000000000e+00, 0.000000000000000e+00
395, 7.027177577651100e-03, -1.432522322354492e-02, 1.043979794717939e-01, 0.000000000000000e+00, 0.000000000000000e+00, 0.000000000000000e+00
396, 6.539262456987240e-03, -1.383809857154541e-02, 1.188936038094517e-01, 0.000000000000000e+00, 0.000000000000000e+00, 0.000000000000000e+00
397, 6.078034139912997e-03, -1.335918210541679e-02, 1.336075271772028e-01, 0.000000000000000e+00, 0.000000000000000e+00, 0.000000000000000e+00
398, 5.642485232227896e-03, -1.288858025335979e-02, 1.485002981323492e-01, 0.000000000000000e+00, 0.000000000000000e+00, 0.000000000000000e+00
399, 5.231634423510750e-03, -1.242640962292680e-02, 1.635244984336011e-01, 0.000000000000000e+00, 0.000000000000000e+00, 0.000000000000000e+00
400, 4.844550253733529e-03, -1.197282395717829e-02, 1.786314566575881e-01, 0.000000000000000e+00, 0.000000000000000e+00, 0.000000000000000e+00
401, 4.480308044542031e-03, -1.152796344110479e-02, 1.937714733328121e-01, 0.000000000000000e+00, 0.000000000000000e+00, 0.000000000000000e+00
402, 4.137967064851503e-03, -1.109192723922540e-02, 2.088923143951413e-01, 0.000000000000000e+00, 0.000000000000000e+00, 0.000000000000000e+00
403, 3.816605685198119e-03, -1.066481302385918e-02, 2.239413610161393e-01, 0.000000000000000e+00, 0.000000000000000e+00, 0.000000000000000e+00
404, 3.515319859016383e-03, -1.024671366603845e-02, 2.388645149386343e-01, 0.000000000000000e+00, 0.000000000000000e+00, 0.000000000000000e+00
405, 3.233221989185779e-03, -9.837714251156563e-03, 2.536085192369170e-01, 0.000000000000000e+00, 0.000000000000000e+00, 0.000000000000000e+00
406, 2.969441608219366e-03, -9.437891076923983e-03, 2.681218722771299e-01, 0.000000000000000e+00, 0.000000000000000e+00, 0.000000000000000e+00
407, 2.723127129452248e-03, -9.047311767927307e-03, 2.823553668781713e-01, 0.000000000000000e+00, 0.000000000000000e+00, 0.000000000000000e+00
408, 2.493434235242850e-03, -8.666019672232862e-03, 2.962618942060283e-01, 0.000000000000000e+00, 0.000000000000000e+00, 0.000000000000000e+00
409, 2.279535711806591e-03, -8.294043467435395e-03, 3.097977996137949e-01, 0.000000000000000e+00, 0.000000000000000e+00, 0.000000000000000e+00
410, 2.080623294218198e-03, -7.931397465598025e-03, 3.229233012248159e-01, 0.000000000000000e+00, 0.000000000000000e+00, 0.000000000000000e+00
411, 1.895908407931382e-03, -7.578080750735221e-03, 3.356030343159555e-01, 0.000000000000000e+00, 0.000000000000000e+00, 0.000000000000000e+00
412, 1.724623063799526e-03, -7.234076671312168e-03, 3.478064363950878e-01, 0.000000000000000e+00, 0.000000000000000e+00, 0.000000000000000e+00
413, 1.566020840286078e-03, -6.899352653490984e-03, 3.595079621030787e-01, 0.000000000000000e+00, 0.000000000000000e+00, 0.000000000000000e+00
414, 1.419377890588801e-03, -6.573860295648914e-03, 3.706871869926684e-01, 0.000000000000000e+00, 0.000000000000000e+00, 0.000000000000000e+00
415, 1.283993919773275e-03, -6.257535702977713e-03, 3.813288278522582e-01, 0.000000000000000e+00, 0.000000000000000e+00, 0.000000000000000e+00
416, 1.159193085740397e-03, -5.950300022223502e-03, 3.914226384000322e-01, 0.000000000000000e+00, 0.000000000000000e+00, 0.000000000000000e+00
417, 1.044324788152457e-03, -5.652060139276351e-03, 4.009632729207590e-01, 0.000000000000000e+00, 0.000000000000000e+00, 0.000000000000000e+00
418, 9.387642339456028e-04, -5.362709417282891e-03, 4.099496813316614e-01, 0.000000000000000e+00, 0.000000000000000e+00, 0.000000000000000e+00
419, 8.419102618275123e-04, -5.082125936200745e-03, 4.183848617527487e-01, 0.000000000000000e+00, 0.000000000000000e+00, 0.000000000000000e+00
420, 7.531893324873004e-04, -4.810177416320721e-03, 4.262759479099041e-01, 0.000000000000000e+00, 0.000000000000000e+00, 0.000000000000000e+00
421, 6.720561016244835e-04, -4.546722566261709e-03, 4.336335549367403e-01, 0.000000000000000e+00, 0.000000000000000e+00, 0.000000000000000e+00
422, 5.979922705308415e-04, -4.291610919447992e-03, 4.404712525965351e-01, 0.000000000000000e+00, 0.000000000000000e+00, 0.000000000000000e+00
423, 5.305064119876632e-04, -4.044683869816736e-03, 4.468048997650446e-01, 0.000000000000000e+00, 0.000000000000000e+00, 0.000000000000000e+00
424, 4.691284473891598e-04, -3.805771251873249e-03, 4.526521022783448e-01, 0.000000000000000e+00, 0.000000000000000e+00, 0.000000000000000e+00
425, 4.134154004111182e-04, -3.574698169300816e-03, 4.580328019404933e-01, 0.000000000000000e+00, 0.000000000000000e+00, 0.000000000000000e+00
426, 3.629542982496032e-04, -3.351288627283692e-03, 4.629677586861541e-01, 0.000000000000000e+00, 0.000000000000000e+00, 0.000000000000000e+00
427, 3.173510640383810e-04, -3.135357970257654e-03, 4.674785080530372e-01, 0.000000000000000e+00, 0.000000000000000e+00, 0.000000000000000e+00
428, 2.762360161117116e-04, -2.926719015761365e-03, 4.715874471713787e-01, 0.000000000000000e+00, 0.000000000000000e+00, 0.000000000000000e+00
429, 2.392659235398893e-04, -2.725184961816360e-03, 4.753170468584215e-01, 0.000000000000000e+00, 0.000000000000000e+00, 0.000000000000000e+00
430, 2.061140379432596e-04, -2.530563704670638e-03, 4.786896516881122e-01, 0.000000000000000e+00, 0.000000000000000e+00, 0.000000000000000e+00
431, 1.764793639977862e-04, -2.342665719362296e-03, 4.817277406171199e-01, 0.000000000000000e+00, 0.000000000000000e+00, 0.000000000000000e+00
432, 1.500786146402364e-04, -2.161299885350869e-03, 4.844529357961970e-01, 0.000000000000000e+00, 0.000000000000000e+00, 0.000000000000000e+00
433, 1.266473089041019e-04, -1.986275740628042e-03, 4.868865753425096e-01, 0.000000000000000e+00, 0.000000000000000e+00, 0.000000000000000e+00
434, 1.059404071169586e-04, -1.817404790540973e-03, 4.890492797020195e-01, 0.000000000000000e+00, 0.000000000000000e+00, 0.000000000000000e+00
435, 8.772979762156851e-05, -1.654500126843181e-03, 4.909608112793472e-01, 0.000000000000000e+00, 0.000000000000000e+00, 0.000000000000000e+00
436, 7.180327325045228e-05, -1.497376923399532e-03, 4.926401022745365e-01, 0.000000000000000e+00, 0.000000000000000e+00, 0.000000000000000e+00
437, 5.796399682280821e-05, -1.345853031989171e-03, 4.941051615874814e-01, 0.000000000000000e+00, 0.000000000000000e+00, 0.000000000000000e+00
438, 4.602934243016830e-05, -1.199749231519626e-03, 4.953730927984902e-01, 0.000000000000000e+00, 0.000000000000000e+00, 0.000000000000000e+00
439, 3.583108966970120e-05, -1.058889848853114e-03, 4.964600001062184e-01, 0.000000000000000e+00, 0.000000000000000e+00, 0.000000000000000e+00
440, 2.721275945542452e-05, -9.231024271926752e-04, 4.973810184855729e-01, 0.000000000000000e+00, 0.000000000000000e+00, 0.000000000000000e+00
441, 2.003030320299912e-05, -7.922183892494802e-04, 4.981503468117491e-01, 0.000000000000000e+00, 0.000000000000000e+00, 0.000000000000000e+00
442, 1.415062741370833e-05, -6.660729881085809e-04, 4.987812505306640e-01, 0.000000000000000e+00, 0.000000000000000e+00, 0.000000000000000e+00
443, 9.451107023460083e-06, -5.445054958914922e-04, 4.992861406703951e-01, 0.000000000000000e+00, 0.000000000000000e+00, 0.000000000000000e+00
444, 5.818606343871792e-06, -4.273592490875973e-04, 4.996766752079168e-01, 0.000000000000000e+00, 0.000000000000000e+00, 0.000000000000000e+00
445, 3.149101585266168e-06, -3.144817624676511e-04, 4.999639437246103e-01, 0.000000000000000e+00, 0.000000000000000e+00, 0.000000000000000e+00
446, 1.346916910158632e-06, -2.057247436933548e-04, 5.001588732293102e-01, 0.000000000000000e+00, 0.000000000000000e+00, 0.000000000000000e+00
447, 3.241215746620715e-07, -1.009441126185810e-04, 5.002741351168009e-01, 0.000000000000000e+00, 0.000000000000000e+00, 0.000000000000000e+00
448, 0.000000000000000e+00, 0.000000000000000e+00, 5.003162727490614e-01, 0.000000000000000e+00, 0.000000000000000e+00, 0.000000000000000e+00
449, 3.241215746706279e-07, 1.009441126199133e-04, 5.002743074924945e-01, 0.000000000000000e+00, 0.000000000000000e+00, 0.000000000000000e+00
450, 1.346916910196437e-06, 2.057247436962412e-04, 5.001592166091455e-01, 0.000000000000000e+00, 0.000000000000000e+00, 0.000000000000000e+00
451, 3.149101585413015e-06, 3.144817624749771e-04, 4.999644636951600e-01, 0.000000000000000e+00, 0.000000000000000e+00, 0.000000000000000e+00
452, 5.818606344095651e-06, 4.273592490958099e-04, 4.996773784582364e-01, 0.000000000000000e+00, 0.000000000000000e+00, 0.000000000000000e+00
453, 9.451107023876604e-06, 5.445054959034754e-04, 4.992870339941676e-01, 0.000000000000000e+00, 0.000000000000000e+00, 0.000000000000000e+00
454, 1.415062741423695e-05, 6.660729881210042e-04, 4.987823409327516e-01, 0.000000000000000e+00, 0.000000000000000e+00, 0.000000000000000e+00
455, 2.003030320363957e-05, 7.922183892621205e-04, 4.981516415335788e-01, 0.000000000000000e+00, 0.000000000000000e+00, 0.000000000000000e+00
456, 2.721275945665566e-05, 9.231024272135111e-04, 4.973825249673387e-01, 0.000000000000000e+00, 0.000000000000000e+00, 0.000000000000000e+00
457, 3.583108967112921e-05, 1.058889848874160e-03, 4.964617259440208e-01, 0.000000000000000e+00, 0.000000000000000e+00, 0.000000000000000e+00
458, 4.602934243205956e-05, 1.199749231544200e-03, 4.953750457181677e-01, 0.000000000000000e+00, 0.000000000000000e+00, 0.000000000000000e+00
459, 5.796399682508322e-05, 1.345853032015496e-03, 4.941073494175259e-01, 0.000000000000000e+00, 0.000000000000000e+00, 0.000000000000000e+00
460, 7.180327325368544e-05, 1.497376923433127e-03, 4.926425329265868e-01, 0.000000000000000e+00, 0.000000000000000e+00, 0.000000000000000e+00
461, 8.772979762521226e-05, 1.654500126877404e-03, 4.909634927260748e-01, 0.000000000000000e+00, 0.000000000000000e+00, 0.000000000000000e+00
462, 1.059404071207287e-04, 1.817404790573171e-03, 4.890522199367340e-01, 0.000000000000000e+00, 0.000000000000000e+00, 0.000000000000000e+00
463, 1.266473089088708e-04, 1.986275740665263e-03, 4.868897823491384e-01, 0.000000000000000e+00, 0.000000000000000e+00, 0.000000000000000e+00
464, 1.500786146456709e-04, 2.161299885389794e-03, 4.844564175049799e-01, 0.000000000000000e+00, 0.000000000000000e+00, 0.000000000000000e+00
465, 1.764793640047063e-04, 2.342665719407961e-03, 4.817315048684735e-01, 0.000000000000000e+00, 0.000000000000000e+00, 0.000000000000000e+00
466, 2.061140379509089e-04, 2.530563704717311e-03, 4.786937061763559e-01, 0.000000000000000e+00, 0.000000000000000e+00, 0.000000000000000e+00
467, 2.392659235498237e-04, 2.725184961872555e-03, 4.753213990453043e-01, 0.000000000000000e+00, 0.000000000000000e+00, 0.000000000000000e+00
468, 2.762360161229505e-04, 2.926719015820480e-03, 4.715921042706775e-01, 0.000000000000000e+00, 0.000000000000000e+00, 0.000000000000000e+00
469, 3.173510640514308e-04, 3.135357970321619e-03, 4.674834769121514e-01, 0.000000000000000e+00, 0.000000000000000e+00, 0.000000000000000e+00
470, 3.629542982647611e-04, 3.351288627353108e-03, 4.629730457200363e-01, 0.000000000000000e+00, 0.000000000000000e+00, 0.000000000000000e+00
471, 4.134154004279223e-04, 3.574698169372824e-03, 4.580384130701224e-01, 0.000000000000000e+00, 0.000000000000000e+00, 0.000000000000000e+00
472, 4.691284474090552e-04, 3.805771251953191e-03, 4.526580427972433e-01, 0.000000000000000e+00, 0.000000000000000e+00, 0.000000000000000e+00
473, 5.305064120096111e-04, 4.044683869899583e-03, 4.468111743074529e-01, 0.000000000000000e+00, 0.000000000000000e+00, 0.000000000000000e+00
474, 5.979922705545607e-04, 4.291610919532202e-03, 4.404778650489514e-01, 0.000000000000000e+00, 0.000000000000000e+00, 0.000000000000000e+00
475, 6.720561016524731e-04, 4.546722566355318e-03, 4.336405082887362e-01, 0.000000000000000e+00, 0.000000000000000e+00, 0.000000000000000e+00
476, 7.531893325176259e-04, 4.810177416416397e-03, 4.262832442178164e-01, 0.000000000000000e+00, 0.000000000000000e+00, 0.000000000000000e+00
477, 8.419102618633244e-04, 5.082125936307473e-03, 4.183925020275306e-01, 0.000000000000000e+00, 0.000000000000000e+00, 0.000000000000000e+00
478, 9.387642339850246e-04, 5.362709417394002e-03, 4.099576655591852e-01, 0.000000000000000e+00, 0.000000000000000e+00, 0.000000000000000e+00
479, 1.044324788196640e-03, 5.652060139394238e-03, 4.009715995206212e-01, 0.000000000000000e+00, 0.000000000000000e+00, 0.000000000000000e+00
480, 1.159193085789885e-03, 5.950300022348630e-03, 3.914313045306856e-01, 0.000000000000000e+00, 0.000000000000000e+00, 0.000000000000000e+00
481, 1.283993919829245e-03, 6.257535703111957e-03, 3.813378293510657e-01, 0.000000000000000e+00, 0.000000000000000e+00, 0.000000000000000e+00
482, 1.419377890650849e-03, 6.573860295790221e-03, 3.706965184208426e-01, 0.000000000000000e+00, 0.000000000000000e+00, 0.000000000000000e+00
483, 1.566020840352297e-03, 6.899352653634311e-03, 3.595176162361147e-01, 0.000000000000000e+00, 0.000000000000000e+00, 0.000000000000000e+00
484, 1.724623063873454e-03, 7.234076671464374e-03, 3.478164048853226e-01, 0.000000000000000e+00, 0.000000000000000e+00, 0.000000000000000e+00
485, 1.895908408013832e-03, 7.578080750896827e-03, 3.356133071880829e-01, 0.000000000000000e+00, 0.000000000000000e+00, 0.000000000000000e+00
486, 2.080623294307195e-03, 7.931397465764227e-03, 3.229338670697351e-01, 0.000000000000000e+00, 0.000000000000000e+00, 0.000000000000000e+00
487, 2.279535711904775e-03, 8.294043467610231e-03, 3.098086457453580e-01, 0.000000000000000e+00, 0.000000000000000e+00, 0.000000000000000e+00
488, 2.493434235350970e-03, 8.666019672416576e-03, 2.962730067674743e-01, 0.000000000000000e+00, 0.000000000000000e+00, 0.000000000000000e+00
489, 2.723127129568278e-03, 9.047311768115573e-03, 2.823667306437579e-01, 0.000000000000000e+00, 0.000000000000000e+00, 0.000000000000000e+00
490, 2.969441608345475e-03, 9.437891077119516e-03, 2.681334694806523e-01, 0.000000000000000e+00, 0.000000000000000e+00, 0.000000000000000e+00
491, 3.233221989326191e-03, 9.837714251364734e-03, 2.536203321907953e-01, 0.000000000000000e+00, 0.000000000000000e+00, 0.000000000000000e+00
492, 3.515319859166580e-03, 1.024671366625151e-02, 2.388765269335641e-01, 0.000000000000000e+00, 0.000000000000000e+00, 0.000000000000000e+00
493, 3.816605685361517e-03, 1.066481302408110e-02, 2.239535522450815e-01, 0.000000000000000e+00, 0.000000000000000e+00, 0.000000000000000e+00
494, 4.137967065029325e-03, 1.109192723945677e-02, 2.089046648280263e-01, 0.000000000000000e+00, 0.000000000000000e+00, 0.000000000000000e+00
495, 4.480308044734702e-03, 1.152796344134511e-02, 1.937839636119665e-01, 0.000000000000000e+00, 0.000000000000000e+00, 0.000000000000000e+00
496, 4.844550253940727e-03, 1.197282395742617e-02, 1.786440667524795e-01, 0.000000000000000e+00, 0.000000000000000e+00, 0.000000000000000e+00
497, 5.231634423732365e-03, 1.242640962318125e-02, 1.635372080515410e-01, 0.000000000000000e+00, 0.000000000000000e+00, 0.000000000000000e+00
498, 5.642485232466586e-03, 1.288858025362295e-02, 1.485130871583525e-01, 0.000000000000000e+00, 0.000000000000000e+00, 0.000000000000000e+00
499, 6.078034140171097e-03, 1.335918210569018e-02, 1.336203758094787e-01, 0.000000000000000e+00, 0.000000000000000e+00, 0.000000000000000e+00
500, 6.539262457263904e-03, 1.383809857182712e-02, 1.189064927036287e-01, 0.000000000000000e+00, 0.000000000000000e+00, 0.000000000000000e+00
501, 7.027177577948056e-03, 1.432522322383570e-02, 1.044108900239541e-01, 0.000000000000000e+00, 0.000000000000000e+00, 0.000000000000000e+00
502, 7.542786567097986e-03, 1.482043018961466e-02, 9.016957035207683e-02, 0.000000000000000e+00, 0.000000000000000e+00, 0.000000000000000e+00
503, 8.087034422743753e-03, 1.532350104633223e-02, 7.621786105054734e-02, 0.000000000000000e+00, 0.000000000000000e+00, 0.000000000000000e+00
504, 8.660977829023099e-03, 1.583432528109248e-02, 6.259191123631176e-02, 0.000000000000000e+00, 0.000000000000000e+00, 0.000000000000000e+00
505, 9.265720030388613e-03, 1.635282692412696e-02, 4.931107110640710e-02, 0.000000000000000e+00, 0.000000000000000e+00, 0.000000000000000e+00
506, 9.902279364710420e-03, 1.687881144857173e-02, 3.639066285794808e-02, 0.000000000000000e+00, 0.000000000000000e+00, 0.000000000000000e+00
507, 1.057172276902834e-02, 1.741205085007479e-02, 2.387654554140094e-02, 0.000000000000000e+00, 0.000000000000000e+00, 0.000000000000000e+00
508, 1.127516040568753e-02, 1.795262732974055e-02, 1.173364620156254e-02, 0.000000000000000e+00, 0.000000000000000e+00, 0.000000000000000e+00
509, 1.201383492985603e-02, 1.850019750490916e-02, 1.824285196280017e-06, 0.000000000000000e+00, 0.000000000000000e+00, 0.000000000000000e+00
510, 1.278871775377472e-02, 1.905472534861731e-02, -1.130696982535684e-02, 0.000000000000000e+00, 0.000000000000000e+00, 0.000000000000000e+00
511, 1.360109734883637e-02, 1.961604856839646e-02, -2.222469492471035e-02, 0.000000000000000e+00, 0.000000000000000e+00, 0.000000000000000e+00
512, 1.445220176983436e-02, 2.018402699183120e-02, -3.270268195083489e-02, 0.000000000000000e+00, 0.000000000000000e+00, 0.000000000000000e+00
513, 1.534325775936110e-02, 2.075853028833716e-02, -4.275550829220497e-02, 0.000000000000000e+00, 0.000000000000000e+00, 0.000000000000000e+00
514, 1.627551728615825e-02, 2.133943095149343e-02, -5.239482620748895e-02, 0.000000000000000e+00, 0.000000000000000e+00, 0.000000000000000e+00
515, 1.725027025698260e-02, 2.192659997487625e-02, -6.163135703896703e-02, 0.000000000000000e+00, 0.000000000000000e+00, 0.000000000000000e+00
516, 1.826885694420899e-02, 2.251990184158066e-02, -7.046880531002470e-02, 0.000000000000000e+00, 0.000000000000000e+00, 0.000000000000000e+00
517, 1.933264577441464e-02, 2.311920147616782e-02, -7.891183767591523e-02, 0.000000000000000e+00, 0.000000000000000e+00, 0.000000000000000e+00
518, 2.044303685080849e-02, 2.372436301302896e-02, -8.696953647291504e-02, 0.000000000000000e+00, 0.000000000000000e+00, 0.000000000000000e+00
519, 2.160147524083973e-02, 2.433524454310660e-02, -9.464903810359770e-02, 0.000000000000000e+00, 0.000000000000000e+00, 0.000000000000000e+00
520, 2.280943840314228e-02, 2.495170224324787e-02, -1.019584555422659e-01, 0.000000000000000e+00, 0.000000000000000e+00, 0.000000000000000e+00
521, 2.406843395381751e-02, 2.557359101305567e-02, -1.089106624481428e-01, 0.000000000000000e+00, 0.000000000000000e+00, 0.000000000000000e+00
522, 2.537999933138110e-02, 2.620076435837319e-02, -1.155207001929384e-01, 0.000000000000000e+00, 0.000000000000000e+00, 0.000000000000000e+00
523, 2.674571619466229e-02, 2.683306811924357e-02, -1.218019852378953e-01, 0.000000000000000e+00, 0.000000000000000e+00, 0.000000000000000e+00
524, 2.816723852845177e-02, 2.747032780762686e-02, -1.277581133575305e-01, 0.000000000000000e+00, 0.000000000000000e+00, 0.000000000000000e+00
525, 2.964620380001335e-02, 2.811238465901601e-02, -1.334043056970298e-01, 0.000000000000000e+00, 0.000000000000000e+00, 0.000000000000000e+00
526, 3.118433505877037e-02, 2.875905263879470e-02, -1.387531013101337e-01, 0.000000000000000e+00, 0.000000000000000e+00, 0.000000000000000e+00
527, 3.278336293974583e-02, 2.941015003453141e-02, -1.438144259177563e-01, 0.000000000000000e+00, 0.000000000000000e+00, 0.000000000000000e+00
528, 3.444508613354828e-02, 3.006547322513315e-02, -1.485993684155279e-01, 0.000000000000000e+00, 0.000000000000000e+00, 0.000000000000000e+00
529, 3.617131196769410e-02, 3.072482080251355e-02, -1.531195625678776e-01, 0.000000000000000e+00, 0.000000000000000e+00, 0.000000000000000e+00
530, 3.796391187352444e-02, 3.138796897490091e-02, -1.573862897103347e-01, 0.000000000000000e+00, 0.000000000000000e+00, 0.000000000000000e+00
531, 3.982478786898763e-02, 3.205468485309415e-02, -1.614071348254344e-01, 0.000000000000000e+00, 0.000000000000000e+00, 0.000000000000000e+00
532, 4.175587666597640e-02, 3.272472343714138e-02, -1.651934058925138e-01, 0.000000000000000e+00, 0.000000000000000e+00, 0.000000000000000e+00
533, 4.375915308036418e-02, 3.339782492640649e-02, -1.687549831768541e-01, 0.000000000000000e+00, 0.000000000000000e+00, 0.000000000000000e+00
534, 4.583663031498252e-02, 3.407371339511025e-02, -1.721007405206169e-01, 0.000000000000000e+00, 0.000000000000000e+00, 0.000000000000000e+00
535, 4.799035594217411e-02, 3.475209711029221e-02, -1.752391013912706e-01, 0.000000000000000e+00, 0.000000000000000e+00, 0.000000000000000e+00
536, 5.022241269281980e-02, 3.543266689313175e-02, -1.781781083136638e-01, 0.000000000000000e+00, 0.000000000000000e+00, 0.000000000000000e+00
537, 5.253491496601500e-02, 3.611509604021949e-02, -1.809254521379398e-01, 0.000000000000000e+00, 0.000000000000000e+00, 0.000000000000000e+00
538, 5.493000569713665e-02, 3.679903989336144e-02, -1.834888562519592e-01, 0.000000000000000e+00, 0.000000000000000e+00, 0.000000000000000e+00
539, 5.740985659880789e-02, 3.748413424782385e-02, -1.858755811429516e-01, 0.000000000000000e+00, 0.000000000000000e+00, 0.000000000000000e+00
540, 5.997667081468780e-02, 3.816999333895075e-02, -1.880917411574130e-01, 0.000000000000000e+00, 0.000000000000000e+00, 0.000000000000000e+00
541, 6.263266819331514e-02, 3.885621247341233e-02, -1.901437881599881e-01, 0.000000000000000e+00, 0.000000000000000e+00, 0.000000000000000e+00
542, 6.538009589379461e-02, 3.954236389553951e-02, -1.920376322369556e-01, 0.000000000000000e+00, 0.000000000000000e+00, 0.000000000000000e+00
543, 6.822121739123001e-02, 4.022799830375296e-02, -1.937785216891598e-01, 0.000000000000000e+00, 0.000000000000000e+00, 0.000000000000000e+00
544, 7.115831019507564e-02, 4.091264364582575e-02, -1.953718167930714e-01, 0.000000000000000e+00, 0.000000000000000e+00, 0.000000000000000e+00
545, 7.419366526299287e-02, 4.159580435188735e-02, -1.968222712246307e-01, 0.000000000000000e+00, 0.000000000000000e+00, 0.000000000000000e+00
546, 7.732958126964475e-02, 4.227696117640378e-02, -1.981343212259265e-01, 0.000000000000000e+00, 0.000000000000000e+00, 0.000000000000000e+00
547, 8.056836063930635e-02, 4.295557070695468e-02, -1.993121518015278e-01, 0.000000000000000e+00, 0.000000000000000e+00, 0.000000000000000e+00
548, 8.391230598775640e-02, 4.363106518191866e-02, -2.003596335831316e-01, 0.000000000000000e+00, 0.000000000000000e+00, 0.000000000000000e+00
549, 8.736371512366954e-02, 4.430285233544278e-02, -2.012803820847961e-01, 0.000000000000000e+00, 0.000000000000000e+00, 0.000000000000000e+00
550, 9.092487458748623e-02, 4.497031464222394e-02, -2.020777169449079e-01, 0.000000000000000e+00, 0.000000000000000e+00, 0.000000000000000e+00
551, 9.459805783534006e-02, 4.563281073086911e-02, -2.027547560507095e-01, 0.000000000000000e+00, 0.000000000000000e+00, 0.000000000000000e+00
552, 9.838551560707631e-02, 4.628967359536866e-02, -2.033143383914144e-01, 0.000000000000000e+00, 0.000000000000000e+00, 0.000000000000000e+00
553, 1.022894733982520e-01, 4.694021267248803e-02, -2.037590972965330e-01, 0.000000000000000e+00, 0.000000000000000e+00, 0.000000000000000e+00
554, 1.063121233669820e-01, 4.758371320865407e-02, -2.040915323205637e-01, 0.000000000000000e+00, 0.000000000000000e+00, 0.000000000000000e+00
555, 1.104556182153550e-01, 4.821943694700178e-02, -2.043138996516115e-01, 0.000000000000000e+00, 0.000000000000000e+00, 0.000000000000000e+00
556, 1.147220644607960e-01, 4.884662296736836e-02, -2.044283083215613e-01, 0.000000000000000e+00, 0.000000000000000e+00, 0.000000000000000e+00
557, 1.191135151293670e-01, 4.946448834576839e-02, -2.044367121990007e-01, 0.000000000000000e+00, 0.000000000000000e+00, 0.000000000000000e+00
558, 1.236319622128720e-01, 5.007222893977906e-02, -2.043408866379549e-01, 0.000000000000000e+00, 0.000000000000000e+00, 0.000000000000000e+00
559, 1.282793296842340e-01, 5.066902214583455e-02, -2.041426313937764e-01, 0.000000000000000e+00, 0.000000000000000e+00, 0.000000000000000e+00
560, 1.330574640426540e-01, 5.125402534032247e-02, -2.038434981461255e-01, 0.000000000000000e+00, 0.000000000000000e+00, 0.000000000000000e+00
561, 1.379681274510720e-01, 5.182638046092251e-02, -2.034449847214121e-01, 0.000000000000000e+00, 0.000000000000000e+00, 0.000000000000000e+00
562, 1.430129884353940e-01, 5.238521407904258e-02, -2.029486240945870e-01, 0.000000000000000e+00, 0.000000000000000e+00, 0.000000000000000e+00
563, 1.481936133206220e-01, 5.292963965948169e-02, -2.023557850065663e-01, 0.000000000000000e+00, 0.000000000000000e+00, 0.000000000000000e+00
564, 1.535114573822800e-01, 5.345875993159088e-02, -2.016678375039155e-01, 0.000000000000000e+00, 0.000000000000000e+00, 0.000000000000000e+00
565, 1.589678556798330e-01, 5.397166889306240e-02, -2.008861032938823e-01, 0.000000000000000e+00, 0.000000000000000e+00, 0.000000000000000e+00
566, 1.645640139061220e-01, 5.446745448056218e-02, -2.000118774570202e-01, 0.000000000000000e+00, 0.000000000000000e+00, 0.000000000000000e+00
567, 1.703009992600900e-01, 5.494520231046324e-02, -1.990465635926397e-01, 0.000000000000000e+00, 0.000000000000000e+00, 0.000000000000000e+00
568, 1.761797307835840e-01, 5.540399685055070e-02, -1.979915117989020e-01, 0.000000000000000e+00, 0.000000000000000e+00, 0.000000000000000e+00
569, 1.822009702142510e-01, 5.584292546628358e-02, -1.968480428977745e-01, 0.000000000000000e+00, 0.000000000000000e+00, 0.000000000000000e+00
570, 1.883653127060570e-01, 5.626108209851536e-02, -1.956176081404511e-01, 0.000000000000000e+00, 0.000000000000000e+00, 0.000000000000000e+00
571, 1.946731775115090e-01, 5.665756992634570e-02, -1.943016885849429e-01, 0.000000000000000e+00, 0.000000000000000e+00, 0.000000000000000e+00
572, 2.011247989385280e-01, 5.703150512396883e-02, -1.929017846633387e-01, 0.000000000000000e+00, 0.000000000000000e+00, 0.000000000000000e+00
573, 2.077202175630770e-01, 5.738202188072184e-02, -1.914195914986303e-01, 0.000000000000000e+00, 0.000000000000000e+00, 0.000000000000000e+00
574, 2.144592713477200e-01, 5.770827281710689e-02, -1.898567149685270e-01, 0.000000000000000e+00, 0.000000000000000e+00, 0.000000000000000e+00
575, 2.213415876437670e-01, 5.800943743182125e-02, -1.882149612562680e-01, 0.000000000000000e+00, 0.000000000000000e+00, 0.000000000000000e+00
576, 2.283665749934740e-01, 5.828472232071416e-02, -1.864962521261150e-01, 0.000000000000000e+00, 0.000000000000000e+00, 0.000000000000000e+00
577, 2.355334157177100e-01, 5.853336643012871e-02, -1.847024677262452e-01, 0.000000000000000e+00, 0.000000000000000e+00, 0.000000000000000e+00
578, 2.428410589134270e-01, 5.875464540522825e-02, -1.828356986193967e-01, 0.000000000000000e+00, 0.000000000000000e+00, 0.000000000000000e+00
579, 2.502882140011760e-01, 5.894787592747999e-02, -1.808981851631734e-01, 0.000000000000000e+00, 0.000000000000000e+00, 0.000000000000000e+00
580, 2.578733448566950e-01, 5.911241796058234e-02, -1.788922032591978e-01, 0.000000000000000e+00, 0.000000000000000e+00, 0.000000000000000e+00
581, 2.655946646960530e-01, 5.924767842348828e-02, -1.768200210541498e-01, 0.000000000000000e+00, 0.000000000000000e+00, 0.000000000000000e+00
582, 2.734501317404630e-01, 5.935311774465631e-02, -1.746841952496834e-01, 0.000000000000000e+00, 0.000000000000000e+00, 0.000000000000000e+00
583, 2.814374455915320e-01, 5.942825142664121e-02, -1.724874690447507e-01, 0.000000000000000e+00, 0.000000000000000e+00, 0.000000000000000e+00
584, 2.895540445275380e-01, 5.947265120550563e-02, -1.702324343242342e-01, 0.000000000000000e+00, 0.000000000000000e+00, 0.000000000000000e+00
585, 2.977971037520240e-01, 5.948595237680929e-02, -1.679218916586148e-01, 0.000000000000000e+00, 0.000000000000000e+00, 0.000000000000000e+00
586, 3.061635345761830e-01, 5.946784792890163e-02, -1.655584087524488e-01, 0.000000000000000e+00, 0.000000000000000e+00, 0.000000000000000e+00
587, 3.146499846276990e-01, 5.941810610008812e-02, -1.631450619194127e-01, 0.000000000000000e+00, 0.000000000000000e+00, 0.000000000000000e+00
588, 3.232528391003260e-01, 5.933656107653527e-02, -1.606851776506176e-01, 0.000000000000000e+00, 0.000000000000000e+00, 0.000000000000000e+00
589, 3.319682231441800e-01, 5.922311480319708e-02, -1.581816125290890e-01, 0.000000000000000e+00, 0.000000000000000e+00, 0.000000000000000e+00
590, 3.407920053282550e-01, 5.907774237966616e-02, -1.556374407474462e-01, 0.000000000000000e+00, 0.000000000000000e+00, 0.000000000000000e+00
591, 3.497198022754690e-01, 5.890049075705121e-02, -1.530557878632753e-01, 0.000000000000000e+00, 0.000000000000000e+00, 0.000000000000000e+00
592, 3.587469844150750e-01, 5.869148183357661e-02, -1.504398515231274e-01, 0.000000000000000e+00, 0.000000000000000e+00, 0.000000000000000e+00
593, 3.678686829411110e-01, 5.845090990667137e-02, -1.477928287901268e-01, 0.000000000000000e+00, 0.000000000000000e+00, 0.000000000000000e+00
594, 3.770797978923800e-01, 5.817904262411734e-02, -1.451178518219024e-01, 0.000000000000000e+00, 0.000000000000000e+00, 0.000000000000000e+00
595, 3.863750073853100e-01, 5.787622032997947e-02, -1.424180792442335e-01, 0.000000000000000e+00, 0.000000000000000e+00, 0.000000000000000e+00
596, 3.957487779701630e-01, 5.754285488093251e-02, -1.396966311155112e-01, 0.000000000000000e+00, 0.000000000000000e+00, 0.000000000000000e+00
597, 4.051953760825830e-01, 5.717942777308037e-02, -1.369565694739368e-01, 0.000000000000000e+00, 0.000000000000000e+00, 0.000000000000000e+00
598, 4.147088805383200e-01, 5.678648875328256e-02, -1.342008998869291e-01, 0.000000000000000e+00, 0.000000000000000e+00, 0.000000000000000e+00
599, 4.242831960373610e-01, 5.636465361522956e-02, -1.314325863063499e-01, 0.000000000000000e+00, 0.000000000000000e+00, 0.000000000000000e+00
600, 4.339120676248920e-01, 5.591460064593561e-02, -1.286544738660868e-01, 0.000000000000000e+00, 0.000000000000000e+00, 0.000000000000000e+00
601, 4.435890960159080e-01, 5.543706858860007e-02, -1.258693182586007e-01, 0.000000000000000e+00, 0.000000000000000e+00, 0.000000000000000e+00
602, 4.533077537415610e-01, 5.493285287848778e-02, -1.230797843790861e-01, 0.000000000000000e+00, 0.000000000000000e+00, 0.000000000000000e+00
603, 4.630614020174900e-01, 5.440280210953791e-02, -1.202884033638014e-01, 0.000000000000000e+00, 0.000000000000000e+00, 0.000000000000000e+00
604, 4.728433082514070e-01, 5.384781416001998e-02, -1.174975815594331e-01, 0.000000000000000e+00, 0.000000000000000e+00, 0.000000000000000e+00
605, 4.826466640928620e-01, 5.326883253028900e-02, -1.147096041789205e-01, 0.000000000000000e+00, 0.000000000000000e+00, 0.000000000000000e+00
606, 4.924646039331600e-01, 5.266684144098649e-02, -1.119265988262948e-01, 0.000000000000000e+00, 0.000000000000000e+00, 0.000000000000000e+00
607, 5.022902237378990e-01, 5.204286235100794e-02, -1.091505529707088e-01, 0.000000000000000e+00, 0.000000000000000e+00, 0.000000000000000e+00
608, 5.121166001190330e-01, 5.139794887207108e-02, -1.063833088184036e-01, 0.000000000000000e+00, 0.000000000000000e+00, 0.000000000000000e+00
609, 5.219368095249840e-01, 5.073318251433728e-02, -1.036265359325022e-01, 0.000000000000000e+00, 0.000000000000000e+00, 0.000000000000000e+00
610, 5.317439474426470e-01, 5.004966851322778e-02, -1.008817629959615e-01, 0.000000000000000e+00, 0.000000000000000e+00, 0.000000000000000e+00
611, 5.415311474990160e-01, 4.934853080609167e-02, -9.815035221857929e-02, 0.000000000000000e+00, 0.000000000000000e+00, 0.000000000000000e+00
612, 5.512916003488870e-01, 4.863090808512447e-02, -9.543350608960634e-02, 0.000000000000000e+00, 0.000000000000000e+00, 0.000000000000000e+00
613, 5.610185722420040e-01, 4.789794933117766e-02, -9.273227787590138e-02, 0.000000000000000e+00, 0.000000000000000e+00, 0.000000000000000e+00
614, 5.707054231615170e-01, 4.715080946768199e-02, -9.004755516855419e-02, 0.000000000000000e+00, 0.000000000000000e+00, 0.000000000000000e+00
615, 5.803456244330870e-01, 4.639064562894639e-02, -8.738008209928830e-02, 0.000000000000000e+00, 0.000000000000000e+00, 0.000000000000000e+00
616, 5.899327757047460e-01, 4.561861289327686e-02, -8.473045575091968e-02, 0.000000000000000e+00, 0.000000000000000e+00, 0.000000000000000e+00
617, 5.994606212093599e-01, 4.483586085008937e-02, -8.209912905285698e-02, 0.000000000000000e+00, 0.000000000000000e+00, 0.000000000000000e+00
618, 6.089230652227910e-01, 4.404353001739358e-02, -7.948642490730769e-02, 0.000000000000000e+00, 0.000000000000000e+00, 0.000000000000000e+00
619, 6.183141866398230e-01, 4.324274839458657e-02, -7.689253016055995e-02, 0.000000000000000e+00, 0.000000000000000e+00, 0.000000000000000e+00
620, 6.276282526025000e-01, 4.243462858755100e-02, -7.431751266654270e-02, 0.000000000000000e+00, 0.000000000000000e+00, 0.000000000000000e+00
621, 6.368597311161370e-01, 4.162026487231515e-02, -7.176133091191772e-02, 0.000000000000000e+00, 0.000000000000000e+00, 0.000000000000000e+00
622, 6.460033026034030e-01, 4.080073056669482e-02, -6.922383567087530e-02, 0.000000000000000e+00, 0.000000000000000e+00, 0.000000000000000e+00
623, 6.550538703550450e-01, 3.997707565912445e-02, -6.670477742509190e-02, 0.000000000000000e+00, 0.000000000000000e+00, 0.000000000000000e+00
624, 6.640065698429310e-01, 3.915032464629472e-02, -6.420382111805531e-02, 0.000000000000000e+00, 0.000000000000000e+00, 0.000000000000000e+00
625, 6.728567768741490e-01, 3.832147462073197e-02, -6.172056114368699e-02, 0.000000000000000e+00, 0.000000000000000e+00, 0.000000000000000e+00
626, 6.816001145696030e-01, 3.749149362131417e-02, -5.925452022640122e-02, 0.000000000000000e+00, 0.000000000000000e+00, 0.000000000000000e+00
627, 6.902324591668491e-01, 3.666131898602387e-02, -5.680516026915958e-02, 0.000000000000000e+00, 0.000000000000000e+00, 0.000000000000000e+00
628, 6.987499446466160e-01, 3.583185629553873e-02, -5.437189162299252e-02, 0.000000000000000e+00, 0.000000000000000e+00, 0.000000000000000e+00
629, 7.071489662012650e-01, 3.500397806919738e-02, -5.195408269569362e-02, 0.000000000000000e+00, 0.000000000000000e+00, 0.000000000000000e+00
630, 7.154261825609159e-01, 3.417852304486385e-02, -4.955107309164574e-02, 0.000000000000000e+00, 0.000000000000000e+00, 0.000000000000000e+00
631, 7.235785172115360e-01, 3.335629538836179e-02, -4.716217976143296e-02, 0.000000000000000e+00, 0.000000000000000e+00, 0.000000000000000e+00
632, 7.316031585352730e-01, 3.253806414333830e-02, -4.478669536684536e-02, 0.000000000000000e+00, 0.000000000000000e+00, 0.000000000000000e+00
633, 7.394975589197500e-01, 3.172456285150456e-02, -4.242389662423134e-02, 0.000000000000000e+00, 0.000000000000000e+00, 0.000000000000000e+00
634, 7.472594328802760e-01, 3.091648930519984e-02, -4.007305115814957e-02, 0.000000000000000e+00, 0.000000000000000e+00, 0.000000000000000e+00
635, 7.548867542462250e-01, 3.011450548121670e-02, -3.773342610845109e-02, 0.000000000000000e+00, 0.000000000000000e+00, 0.000000000000000e+00
636, 7.623777524775640e-01, 2.931923744778128e-02, -3.540429076861232e-02, 0.000000000000000e+00, 0.000000000000000e+00, 0.000000000000000e+00
637, 7.697309081533430e-01, 2.853127562073851e-02, -3.308492393664968e-02, 0.000000000000000e+00, 0.000000000000000e+00, 0.000000000000000e+00
638, 7.769449477145119e-01, 2.775117492175853e-02, -3.077461958397859e-02, 0.000000000000000e+00, 0.000000000000000e+00, 0.000000000000000e+00
639, 7.840188375114100e-01, 2.697945512866143e-02, -2.847268783312826e-02, 0.000000000000000e+00, 0.000000000000000e+00, 0.000000000000000e+00
640, 7.909517772258660e-01, 2.621660130727932e-02, -2.617846063651286e-02, 0.000000000000000e+00, 0.000000000000000e+00, 0.000000000000000e+00
641, 7.977431927362419e-01, 2.546306430776172e-02, -2.389129443920245e-02, 0.000000000000000e+00, 0.000000000000000e+00, 0.000000000000000e+00
642, 8.043927284893690e-01, 2.471926132428823e-02, -2.161057185317528e-02, 0.000000000000000e+00, 0.000000000000000e+00, 0.000000000000000e+00
643, 8.109002394370680e-01, 2.398557659385968e-02, -1.933570588047387e-02, 0.000000000000000e+00, 0.000000000000000e+00, 0.000000000000000e+00
644, 8.172657826251279e-01, 2.326236201256679e-02, -1.706613976713849e-02, 0.000000000000000e+00, 0.000000000000000e+00, 0.000000000000000e+00
645, 8.234896084622220e-01, 2.254993796407432e-02, -1.480134868450003e-02, 0.000000000000000e+00, 0.000000000000000e+00, 0.000000000000000e+00
646, 8.295721517613170e-01, 2.184859408937147e-02, -1.254084237024729e-02, 0.000000000000000e+00, 0.000000000000000e+00, 0.000000000000000e+00
647, 8.355140225942480e-01, 2.115859013537303e-02, -1.028416415587119e-02, 0.000000000000000e+00, 0.000000000000000e+00, 0.000000000000000e+00
648, 8.413159970197970e-01, 2.048015683472137e-02, -8.030892124236978e-03, 0.000000000000000e+00, 0.000000000000000e+00, 0.000000000000000e+00
649, 8.469790077330090e-01, 1.981349683880877e-02, -5.780639896189430e-03, 0.000000000000000e+00, 0.000000000000000e+00, 0.000000000000000e+00
650, 8.525041346969320e-01, 1.915878563801130e-02, -3.533056289321471e-03, 0.000000000000000e+00, 0.000000000000000e+00, 0.000000000000000e+00
651, 8.578925957861721e-01, 1.851617254128358e-02, -1.287825022401218e-03, 0.000000000000000e+00, 0.000000000000000e+00, 0.000000000000000e+00
652, 8.631457375029460e-01, 1.788578165212381e-02, 9.553351852699856e-04, 0.000000000000000e+00, 0.000000000000000e+00, 0.000000000000000e+00
653, 8.682650257816130e-01, 1.726771287661389e-02, 3.196671160250040e-03, 0.000000000000000e+00, 0.000000000000000e+00, 0.000000000000000e+00
654, 8.732520369444300e-01, 1.666204293701322e-02, 5.436395254936680e-03, 0.000000000000000e+00, 0.000000000000000e+00, 0.000000000000000e+00
655, 8.781084488182470e-01, 1.606882637477489e-02, 7.674686623809638e-03, 0.000000000000000e+00, 0.000000000000000e+00, 0.000000000000000e+00
656, 8.828360320518041e-01, 1.548809659688852e-02, 9.911691339891109e-03, 0.000000000000000e+00, 0.000000000000000e+00, 0.000000000000000e+00
657, 8.874366416501390e-01, 1.491986688317691e-02, 1.214752293235891e-02, 0.000000000000000e+00, 0.000000000000000e+00, 0.000000000000000e+00
658, 8.919122087722000e-01, 1.436413140608066e-02, 1.438226392897412e-02, 0.000000000000000e+00, 0.000000000000000e+00, 0.000000000000000e+00
659, 8.962647327618720e-01, 1.382086626479801e-02, 1.661596570566668e-02, 0.000000000000000e+00, 0.000000000000000e+00, 0.000000000000000e+00
660, 9.004962734861121e-01, 1.329003047512407e-02, 1.884864966832263e-02, 0.000000000000000e+00, 0.000000000000000e+00, 0.000000000000000e+00
661, 9.046089439536440e-01, 1.277156697106701e-02, 2.108030857482279e-02, 0.000000000000000e+00, 0.000000000000000e+00, 0.000000000000000e+00
662, 9.086049032329651e-01, 1.226540359114749e-02, 2.331090702306849e-02, 0.000000000000000e+00, 0.000000000000000e+00, 0.000000000000000e+00
663, 9.124863496840320e-01, 1.177145404458694e-02, 2.554038260325532e-02, 0.000000000000000e+00, 0.000000000000000e+00, 0.000000000000000e+00
664, 9.162555145056280e-01, 1.128961885949327e-02, 2.776864710460884e-02, 0.000000000000000e+00, 0.000000000000000e+00, 0.000000000000000e+00
665, 9.199146556044410e-01, 1.081978630586274e-02, 2.999558801772619e-02, 0.000000000000000e+00, 0.000000000000000e+00, 0.000000000000000e+00
666, 9.234660517745920e-01, 1.036183331201132e-02, 3.222106970877318e-02, 0.000000000000000e+00, 0.000000000000000e+00, 0.000000000000000e+00
667, 9.269119972009700e-01, 9.915626339854223e-03, 3.444493511568547e-02, 0.000000000000000e+00, 0.000000000000000e+00, 0.000000000000000e+00
668, 9.302547962804840e-01, 9.481022246828921e-03, 3.666700792324386e-02, 0.000000000000000e+00, 0.000000000000000e+00, 0.000000000000000e+00
669, 9.334967587613660e-01, 9.057869113272223e-03, 3.888709498344680e-02, 0.000000000000000e+00, 0.000000000000000e+00, 0.000000000000000e+00
670, 9.366401951722300e-01, 8.646007048666101e-03, 4.110498956974590e-02, 0.000000000000000e+00, 0.000000000000000e+00, 0.000000000000000e+00
671, 9.396874125718940e-01, 8.245268966053270e-03, 4.332047522736206e-02, 0.000000000000000e+00, 0.000000000000000e+00, 0.000000000000000e+00
672, 9.426407105856069e-01, 7.855481326660181e-03, 4.553333066152643e-02, 0.000000000000000e+00, 0.000000000000000e+00, 0.000000000000000e+00
673, 9.455023777285950e-01, 7.476464857997998e-03, 4.774333499304633e-02, 0.000000000000000e+00, 0.000000000000000e+00, 0.000000000000000e+00
674, 9.482746880079280e-01, 7.108035234522185e-03, 4.995027203376360e-02, 0.000000000000000e+00, 0.000000000000000e+00, 0.000000000000000e+00
675, 9.509598977848890e-01, 6.750003738026632e-03, 5.215393747937713e-02, 0.000000000000000e+00, 0.000000000000000e+00, 0.000000000000000e+00
676, 9.535602429188660e-01, 6.402177879722490e-03, 5.435417302255903e-02, 0.000000000000000e+00, 0.000000000000000e+00, 0.000000000000000e+00
677, 9.560779361340690e-01, 6.064361994459999e-03, 5.655083722149541e-02, 0.000000000000000e+00, 0.000000000000000e+00, 0.000000000000000e+00
678, 9.585151646361750e-01, 5.736357800811276e-03, 5.874376300763971e-02, 0.000000000000000e+00, 0.000000000000000e+00, 0.000000000000000e+00
679, 9.608740879559380e-01, 5.417964935036411e-03, 6.093295726404183e-02, 0.000000000000000e+00, 0.000000000000000e+00, 0.000000000000000e+00
680, 9.631568360209350e-01, 5.108981458273515e-03, 6.311839222737928e-02, 0.000000000000000e+00, 0.000000000000000e+00, 0.000000000000000e+00
681, 9.653655074054240e-01, 4.809204324600983e-03, 6.530012371857727e-02, 0.000000000000000e+00, 0.000000000000000e+00, 0.000000000000000e+00
682, 9.675021678037270e-01, 4.518429822029544e-03, 6.747842094885814e-02, 0.000000000000000e+00, 0.000000000000000e+00, 0.000000000000000e+00
683, 9.695688486786780e-01, 4.236453998944307e-03, 6.965349075349624e-02, 0.000000000000000e+00, 0.000000000000000e+00, 0.000000000000000e+00
684, 9.715675460830290e-01, 3.963073044616243e-03, 7.182577013259320e-02, 0.000000000000000e+00, 0.000000000000000e+00, 0.000000000000000e+00
685, 9.735002196467560e-01, 3.698083649655423e-03, 7.399572093380290e-02, 0.000000000000000e+00, 0.000000000000000e+00, 0.000000000000000e+00
686, 9.753687917215980e-01, 3.441283349835714e-03, 7.616415211763229e-02, 0.000000000000000e+00, 0.000000000000000e+00, 0.000000000000000e+00
687, 9.771751466679101e-01, 3.192470824896831e-03, 7.833206271380973e-02, 0.000000000000000e+00, 0.000000000000000e+00, 0.000000000000000e+00
688, 9.789211302805760e-01, 2.951446198236615e-03, 8.050077643745304e-02, 0.000000000000000e+00, 0.000000000000000e+00, 0.000000000000000e+00
689, 9.806085493264430e-01, 2.718011281632605e-03, 8.267197992119429e-02, 0.000000000000000e+00, 0.000000000000000e+00, 0.000000000000000e+00
690, 9.822391712283960e-01, 2.491969834783358e-03, 8.484783920807792e-02, 0.000000000000000e+00, 0.000000000000000e+00, 0.000000000000000e+00
691, 9.838147238371970e-01, 2.273127772141314e-03, 8.703115151576997e-02, 0.000000000000000e+00, 0.000000000000000e+00, 0.000000000000000e+00
692, 9.853368952912690e-01, 2.061293361548887e-03, 8.922550255693371e-02, 0.000000000000000e+00, 0.000000000000000e+00, 0.000000000000000e+00
693, 9.868073340192970e-01, 1.856277410439139e-03, 9.143539456535131e-02, 0.000000000000000e+00, 0.000000000000000e+00, 0.000000000000000e+00
694, 9.882276487598231e-01, 1.657893415821940e-03, 9.366623137601073e-02, 0.000000000000000e+00, 0.000000000000000e+00, 0.000000000000000e+00
695, 9.895994087268640e-01, 1.465957716878406e-03, 9.592409747644561e-02, 0.000000000000000e+00, 0.000000000000000e+00, 0.000000000000000e+00
696, 9.909241437994040e-01, 1.280289614408968e-03, 9.821573897931019e-02, 0.000000000000000e+00, 0.000000000000000e+00, 0.000000000000000e+00
697, 9.922033447916569e-01, 1.100711481664068e-03, 1.005508339671410e-01, 0.000000000000000e+00, 0.000000000000000e+00, 0.000000000000000e+00
698, 9.934384637945120e-01, 9.270488596823588e-04, 1.029513349672617e-01, 0.000000000000000e+00, 0.000000000000000e+00, 0.000000000000000e+00
699, 9.946309145596840e-01, 7.591305469942256e-04, 1.054716059819592e-01, 0.000000000000000e+00, 0.000000000000000e+00, 0.000000000000000e+00
700, 9.957820729231800e-01, 5.967886532421940e-04, 1.082198996426833e-01, 0.000000000000000e+00, 0.000000000000000e+00, 0.000000000000000e+00
701, 9.968932772887410e-01, 4.398586638317120e-04, 1.113467363925112e-01, 0.000000000000000e+00, 0.000000000000000e+00, 0.000000000000000e+00
702, 9.979658291431760e-01, 2.881794857138566e-04, 1.148926709475171e-01, 0.000000000000000e+00, 0.000000000000000e+00, 0.000000000000000e+00
703, 9.990009933457720e-01, 1.415916575212275e-04, 1.185575832481044e-01, 0.000000000000000e+00, 0.000000000000000e+00, 0.000000000000000e+00
