"Density","Energy","Mach","Momentum:0","Momentum:1","Momentum:2","Pressure","Pressure_Coefficient","Temperature","Velocity:0","Velocity:1","Velocity:2","vtkValidPointMask","arc_length","Points:0","Points:1","Points:2"
1.539,3.342e+05,0.33295,175.98,0,0,1.2966e+05,1.5996,293.49,114.35,0,0,1,0,-3,0,0
1.5389,3.342e+05,0.333,176,0,0,1.2965e+05,1.5995,293.49,114.36,0,0,1,0.013,-2.987,0,0
1.5389,3.342e+05,0.33304,176.02,0,0,1.2965e+05,1.5993,293.49,114.38,0,0,1,0.026,-2.974,0,0
1.5389,3.342e+05,0.33309,176.04,0,0,1.2965e+05,1.5992,293.49,114.39,0,0,1,0.039,-2.961,0,0
1.5389,3.3419e+05,0.33315,176.07,-5.9964e-18,0,1.2965e+05,1.5991,293.49,114.41,-3.8967e-18,0,1,0.052,-2.948,0,0
1.5388,3.3418e+05,0.33326,176.12,0,0,1.2964e+05,1.5987,293.48,114.45,0,0,1,0.065,-2.935,0,0
1.5388,3.3417e+05,0.33338,176.18,0,0,1.2963e+05,1.5984,293.48,114.49,0,0,1,0.078,-2.922,0,0
1.5387,3.3416e+05,0.33349,176.23,0,0,1.2963e+05,1.598,293.47,114.53,0,0,1,0.091,-2.909,0,0
1.5387,3.3415e+05,0.33362,176.29,7.982e-18,0,1.2962e+05,1.5975,293.47,114.57,5.188e-18,0,1,0.104,-2.896,0,0
1.5386,3.3413e+05,0.33381,176.38,0,0,1.2961e+05,1.5969,293.46,114.64,0,0,1,0.117,-2.883,0,0
1.5385,3.3412e+05,0.334,176.46,0,0,1.296e+05,1.5963,293.45,114.7,0,0,1,0.13,-2.87,0,0
1.5384,3.341e+05,0.33418,176.55,0,0,1.2959e+05,1.5957,293.45,114.76,0,0,1,0.143,-2.857,0,0
1.5383,3.3408e+05,0.3344,176.65,0,0,1.2957e+05,1.595,293.44,114.84,0,0,1,0.156,-2.844,0,0
1.5382,3.3406e+05,0.33467,176.77,0,0,1.2956e+05,1.5941,293.43,114.92,0,0,1,0.169,-2.831,0,0
1.538,3.3403e+05,0.33493,176.89,0,0,1.2954e+05,1.5932,293.42,115.01,0,0,1,0.182,-2.818,0,0
1.5379,3.3401e+05,0.33519,177.01,0,0,1.2953e+05,1.5924,293.41,115.1,0,0,1,0.195,-2.805,0,0
1.5377,3.3398e+05,0.3355,177.15,-1.4234e-17,0,1.2951e+05,1.5913,293.4,115.2,-9.2572e-18,0,1,0.208,-2.792,0,0
1.5376,3.3395e+05,0.33583,177.31,0,0,1.2949e+05,1.5902,293.38,115.32,0,0,1,0.221,-2.779,0,0
1.5374,3.3392e+05,0.33617,177.46,0,0,1.2947e+05,1.5891,293.37,115.43,0,0,1,0.234,-2.766,0,0
1.5372,3.3389e+05,0.3365,177.61,0,0,1.2945e+05,1.588,293.36,115.54,0,0,1,0.247,-2.753,0,0
1.537,3.3385e+05,0.33689,177.79,3.4676e-17,0,1.2943e+05,1.5867,293.34,115.67,2.2563e-17,0,1,0.26,-2.74,0,0
1.5368,3.3381e+05,0.3373,177.98,0,0,1.294e+05,1.5853,293.33,115.81,0,0,1,0.273,-2.727,0,0
1.5366,3.3378e+05,0.33771,178.17,0,0,1.2938e+05,1.5839,293.31,115.95,0,0,1,0.286,-2.714,0,0
1.5364,3.3374e+05,0.33812,178.35,0,0,1.2935e+05,1.5825,293.29,116.08,0,0,1,0.299,-2.701,0,0
1.5362,3.3369e+05,0.3386,178.57,0,0,1.2933e+05,1.5809,293.27,116.25,0,0,1,0.312,-2.688,0,0
1.5359,3.3365e+05,0.33909,178.79,0,0,1.293e+05,1.5793,293.26,116.41,0,0,1,0.325,-2.675,0,0
1.5357,3.336e+05,0.33957,179.01,0,0,1.2927e+05,1.5777,293.24,116.57,0,0,1,0.338,-2.662,0,0
1.5354,3.3356e+05,0.34006,179.24,-1.1767e-17,0,1.2924e+05,1.576,293.22,116.73,-7.6659e-18,0,1,0.351,-2.649,0,0
1.5352,3.3351e+05,0.34062,179.49,0,0,1.2921e+05,1.5741,293.2,116.92,0,0,1,0.364,-2.636,0,0
1.5349,3.3345e+05,0.34118,179.75,0,0,1.2917e+05,1.5722,293.17,117.11,0,0,1,0.377,-2.623,0,0
1.5346,3.334e+05,0.34174,180,0,0,1.2914e+05,1.5703,293.15,117.3,0,0,1,0.39,-2.61,0,0
1.5343,3.3335e+05,0.34231,180.26,-5.3285e-17,0,1.291e+05,1.5684,293.13,117.49,-3.474e-17,0,1,0.403,-2.597,0,0
1.534,3.3329e+05,0.34295,180.55,0,0,1.2906e+05,1.5662,293.11,117.7,0,0,1,0.416,-2.584,0,0
1.5336,3.3323e+05,0.34358,180.84,0,0,1.2903e+05,1.564,293.08,117.92,0,0,1,0.429,-2.571,0,0
1.5333,3.3317e+05,0.34422,181.13,0,0,1.2899e+05,1.5619,293.06,118.13,0,0,1,0.442,-2.558,0,0
1.533,3.3311e+05,0.34488,181.43,1.4883e-17,0,1.2895e+05,1.5596,293.03,118.35,9.712e-18,0,1,0.455,-2.545,0,0
1.5326,3.3304e+05,0.3456,181.75,0,0,1.289e+05,1.5572,293,118.59,0,0,1,0.468,-2.532,0,0
1.5322,3.3297e+05,0.34631,182.08,0,0,1.2886e+05,1.5547,292.97,118.83,0,0,1,0.481,-2.519,0,0
1.5319,3.3291e+05,0.34702,182.4,0,0,1.2882e+05,1.5523,292.94,119.07,0,0,1,0.494,-2.506,0,0
1.5315,3.3283e+05,0.34778,182.74,0,0,1.2877e+05,1.5497,292.91,119.32,0,0,1,0.507,-2.493,0,0
1.5311,3.3276e+05,0.34857,183.1,0,0,1.2872e+05,1.5469,292.88,119.59,0,0,1,0.52,-2.48,0,0
1.5307,3.3268e+05,0.34937,183.46,0,0,1.2867e+05,1.5442,292.85,119.85,0,0,1,0.533,-2.467,0,0
1.5302,3.326e+05,0.35016,183.81,0,0,1.2863e+05,1.5414,292.82,120.12,0,0,1,0.546,-2.454,0,0
1.5298,3.3252e+05,0.35102,184.2,-7.1479e-17,0,1.2857e+05,1.5385,292.78,120.41,-4.6739e-17,0,1,0.559,-2.441,0,0
1.5294,3.3244e+05,0.35189,184.59,0,0,1.2852e+05,1.5355,292.75,120.7,0,0,1,0.572,-2.428,0,0
1.5289,3.3236e+05,0.35277,184.99,0,0,1.2847e+05,1.5326,292.71,120.99,0,0,1,0.585,-2.415,0,0
1.5285,3.3228e+05,0.35365,185.39,0,0,1.2842e+05,1.5296,292.68,121.29,0,0,1,0.598,-2.402,0,0
1.528,3.3219e+05,0.35455,185.78,3.668e-17,0,1.2836e+05,1.5263,292.64,121.59,2.4012e-17,0,1,0.611,-2.389,0,0
1.5274,3.3209e+05,0.35544,186.17,0,0,1.283e+05,1.5228,292.61,121.89,0,0,1,0.624,-2.376,0,0
1.5269,3.3198e+05,0.35634,186.57,0,0,1.2823e+05,1.5194,292.57,122.19,0,0,1,0.637,-2.363,0,0
1.5263,3.3188e+05,0.35724,186.96,0,0,1.2817e+05,1.5159,292.53,122.49,0,0,1,0.65,-2.35,0,0
1.5259,3.318e+05,0.3583,187.44,0,0,1.2812e+05,1.5127,292.49,122.84,0,0,1,0.663,-2.337,0,0
1.5254,3.3172e+05,0.35935,187.92,0,0,1.2806e+05,1.5094,292.45,123.19,0,0,1,0.676,-2.324,0,0
1.525,3.3164e+05,0.36041,188.4,0,0,1.28e+05,1.5061,292.4,123.55,0,0,1,0.689,-2.311,0,0
1.5245,3.3155e+05,0.36148,188.89,-5.2206e-17,0,1.2794e+05,1.5027,292.36,123.91,-3.4278e-17,0,1,0.702,-2.298,0,0
1.5238,3.3143e+05,0.36262,189.39,0,0,1.2786e+05,1.4984,292.31,124.29,0,0,1,0.715,-2.285,0,0
1.5231,3.313e+05,0.36377,189.89,0,0,1.2779e+05,1.4941,292.26,124.67,0,0,1,0.728,-2.272,0,0
1.5225,3.3118e+05,0.36491,190.39,0,0,1.2771e+05,1.4898,292.22,125.05,0,0,1,0.741,-2.259,0,0
1.5218,3.3106e+05,0.36605,190.89,7.07e-17,0,1.2764e+05,1.4856,292.17,125.43,4.6494e-17,0,1,0.754,-2.246,0,0
1.5213,3.3096e+05,0.36716,191.38,0,0,1.2757e+05,1.4817,292.12,125.8,0,0,1,0.767,-2.233,0,0
1.5207,3.3085e+05,0.36827,191.87,0,0,1.275e+05,1.4778,292.08,126.17,0,0,1,0.78,-2.22,0,0
1.5201,3.3074e+05,0.36938,192.36,0,0,1.2743e+05,1.4739,292.03,126.54,0,0,1,0.793,-2.207,0,0
1.5194,3.3062e+05,0.37057,192.88,0,0,1.2735e+05,1.4696,291.98,126.94,0,0,1,0.806,-2.194,0,0
1.5187,3.3049e+05,0.37184,193.42,0,0,1.2727e+05,1.4648,291.93,127.36,0,0,1,0.819,-2.181,0,0
1.518,3.3035e+05,0.37311,193.97,0,0,1.2718e+05,1.46,291.87,127.78,0,0,1,0.832,-2.168,0,0
1.5172,3.3021e+05,0.37437,194.52,0,0,1.271e+05,1.4552,291.82,128.21,0,0,1,0.845,-2.155,0,0
1.5165,3.3008e+05,0.37568,195.09,-5.3186e-17,0,1.2701e+05,1.4503,291.76,128.64,-3.5092e-17,0,1,0.858,-2.142,0,0
1.5157,3.2994e+05,0.37702,195.66,0,0,1.2692e+05,1.4454,291.71,129.09,0,0,1,0.871,-2.129,0,0
1.515,3.298e+05,0.37835,196.24,0,0,1.2684e+05,1.4405,291.65,129.53,0,0,1,0.884,-2.116,0,0
1.5143,3.2966e+05,0.37969,196.82,0,0,1.2675e+05,1.4356,291.59,129.98,0,0,1,0.897,-2.103,0,0
1.5135,3.2952e+05,0.3811,197.42,1.3185e-16,0,1.2666e+05,1.4304,291.53,130.44,8.7176e-17,0,1,0.91,-2.09,0,0
1.5127,3.2937e+05,0.38253,198.04,0,0,1.2656e+05,1.4251,291.47,130.92,0,0,1,0.923,-2.077,0,0
1.5119,3.2923e+05,0.38396,198.66,0,0,1.2647e+05,1.4198,291.41,131.4,0,0,1,0.936,-2.064,0,0
1.5111,3.2908e+05,0.3854,199.27,0,0,1.2638e+05,1.4146,291.35,131.87,0,0,1,0.949,-2.051,0,0
1.5102,3.2892e+05,0.38691,199.92,0,0,1.2628e+05,1.4088,291.28,132.38,0,0,1,0.962,-2.038,0,0
1.5093,3.2876e+05,0.38844,200.57,0,0,1.2617e+05,1.4031,291.21,132.88,0,0,1,0.975,-2.025,0,0
1.5085,3.286e+05,0.38996,201.22,0,0,1.2607e+05,1.3973,291.14,133.39,0,0,1,0.988,-2.012,0,0
1.5076,3.2844e+05,0.3915,201.87,-3.8795e-17,0,1.2597e+05,1.3915,291.08,133.9,-2.5761e-17,0,1,1.001,-1.999,0,0
1.5067,3.2826e+05,0.39312,202.55,0,0,1.2586e+05,1.3854,291.01,134.44,0,0,1,1.014,-1.986,0,0
1.5057,3.2809e+05,0.39474,203.23,0,0,1.2575e+05,1.3792,290.93,134.97,0,0,1,1.027,-1.973,0,0
1.5048,3.2792e+05,0.39636,203.91,0,0,1.2564e+05,1.373,290.86,135.51,0,0,1,1.04,-1.96,0,0
1.5038,3.2774e+05,0.39799,204.6,-1.6102e-17,0,1.2553e+05,1.3668,290.79,136.05,-1.0718e-17,0,1,1.053,-1.947,0,0
1.5029,3.2756e+05,0.39969,205.31,0,0,1.2541e+05,1.3603,290.71,136.62,0,0,1,1.066,-1.934,0,0
1.5019,3.2738e+05,0.40139,206.03,0,0,1.253e+05,1.3538,290.63,137.18,0,0,1,1.079,-1.921,0,0
1.5009,3.272e+05,0.4031,206.74,0,0,1.2518e+05,1.3473,290.56,137.74,0,0,1,1.092,-1.908,0,0
1.4999,3.2701e+05,0.40482,207.46,6.8257e-17,0,1.2507e+05,1.3407,290.48,138.32,4.5552e-17,0,1,1.105,-1.895,0,0
1.4988,3.2682e+05,0.40659,208.19,0,0,1.2494e+05,1.3338,290.4,138.9,0,0,1,1.118,-1.882,0,0
1.4978,3.2663e+05,0.40836,208.92,0,0,1.2482e+05,1.3269,290.32,139.48,0,0,1,1.131,-1.869,0,0
1.4967,3.2643e+05,0.41013,209.65,0,0,1.247e+05,1.32,290.24,140.07,0,0,1,1.144,-1.856,0,0
1.4957,3.2624e+05,0.41195,210.4,1.3471e-16,0,1.2458e+05,1.3129,290.15,140.67,9.0148e-17,0,1,1.157,-1.843,0,0
1.4946,3.2604e+05,0.41383,211.17,0,0,1.2445e+05,1.3057,290.06,141.29,0,0,1,1.17,-1.83,0,0
1.4935,3.2584e+05,0.41571,211.95,0,0,1.2432e+05,1.2985,289.98,141.91,0,0,1,1.183,-1.817,0,0
1.4924,3.2564e+05,0.41759,212.72,0,0,1.2419e+05,1.2913,289.89,142.53,0,0,1,1.196,-1.804,0,0
1.4913,3.2543e+05,0.41952,213.5,-1.3563e-16,0,1.2406e+05,1.2837,289.8,143.17,-9.1022e-17,0,1,1.209,-1.791,0,0
1.4901,3.252e+05,0.42147,214.29,0,0,1.2392e+05,1.2758,289.71,143.81,0,0,1,1.222,-1.778,0,0
1.4889,3.2498e+05,0.42342,215.07,0,0,1.2378e+05,1.268,289.61,144.46,0,0,1,1.235,-1.765,0,0
1.4877,3.2476e+05,0.42538,215.86,0,0,1.2364e+05,1.2602,289.52,145.1,0,0,1,1.248,-1.752,0,0
1.4864,3.2453e+05,0.42739,216.66,8.5978e-17,0,1.2349e+05,1.252,289.43,145.76,5.7895e-17,0,1,1.261,-1.739,0,0
1.4852,3.243e+05,0.42941,217.46,0,0,1.2335e+05,1.2438,289.33,146.43,0,0,1,1.274,-1.726,0,0
1.4839,3.2406e+05,0.43144,218.27,0,0,1.232e+05,1.2356,289.23,147.09,0,0,1,1.287,-1.713,0,0
1.4827,3.2383e+05,0.43346,219.07,0,0,1.2306e+05,1.2274,289.13,147.76,0,0,1,1.3,-1.7,0,0
1.4813,3.2358e+05,0.43558,219.91,1.5448e-16,0,1.229e+05,1.2187,289.03,148.45,1.0439e-16,0,1,1.313,-1.687,0,0
1.48,3.2334e+05,0.43771,220.74,0,0,1.2275e+05,1.21,288.93,149.15,0,0,1,1.326,-1.674,0,0
1.4787,3.231e+05,0.43983,221.57,0,0,1.226e+05,1.2014,288.82,149.85,0,0,1,1.339,-1.661,0,0
1.4773,3.2285e+05,0.44197,222.41,-1.0166e-16,0,1.2244e+05,1.1926,288.72,150.55,-6.8933e-17,0,1,1.352,-1.648,0,0
1.4759,3.2257e+05,0.4442,223.27,0,0,1.2227e+05,1.1831,288.61,151.28,0,0,1,1.365,-1.635,0,0
1.4744,3.223e+05,0.44643,224.12,0,0,1.2211e+05,1.1736,288.5,152.01,0,0,1,1.378,-1.622,0,0
1.4729,3.2203e+05,0.44865,224.97,0,0,1.2194e+05,1.1641,288.39,152.74,0,0,1,1.391,-1.609,0,0
1.4715,3.2175e+05,0.45091,225.84,-1.2219e-16,0,1.2177e+05,1.1546,288.28,153.48,-8.3168e-17,0,1,1.404,-1.596,0,0
1.47,3.2148e+05,0.45322,226.72,0,0,1.216e+05,1.145,288.16,154.23,0,0,1,1.417,-1.583,0,0
1.4685,3.212e+05,0.45553,227.6,0,0,1.2143e+05,1.1353,288.04,154.99,0,0,1,1.43,-1.57,0,0
1.4671,3.2093e+05,0.45784,228.48,0,0,1.2126e+05,1.1257,287.93,155.74,0,0,1,1.443,-1.557,0,0
1.4655,3.2065e+05,0.46022,229.38,0,0,1.2108e+05,1.1156,287.81,156.52,0,0,1,1.456,-1.544,0,0
1.4639,3.2035e+05,0.46269,230.3,0,0,1.2089e+05,1.1052,287.68,157.32,0,0,1,1.469,-1.531,0,0
1.4623,3.2005e+05,0.46516,231.23,0,0,1.2071e+05,1.0947,287.56,158.13,0,0,1,1.482,-1.518,0,0
1.4607,3.1975e+05,0.46762,232.15,0,0,1.2052e+05,1.0843,287.43,158.93,0,0,1,1.495,-1.505,0,0
1.4591,3.1945e+05,0.47013,233.08,-8.5777e-17,0,1.2033e+05,1.0736,287.3,159.75,-5.887e-17,0,1,1.508,-1.492,0,0
1.4574,3.1914e+05,0.47266,234.01,0,0,1.2014e+05,1.0628,287.17,160.57,0,0,1,1.521,-1.479,0,0
1.4558,3.1883e+05,0.47519,234.94,0,0,1.1995e+05,1.052,287.04,161.39,0,0,1,1.534,-1.466,0,0
1.4541,3.1853e+05,0.47772,235.87,0,0,1.1976e+05,1.0412,286.9,162.21,0,0,1,1.547,-1.453,0,0
1.4524,3.1821e+05,0.4803,236.81,1.6948e-16,0,1.1956e+05,1.0301,286.77,163.05,1.1683e-16,0,1,1.56,-1.44,0,0
1.4507,3.1789e+05,0.48289,237.75,0,0,1.1936e+05,1.0188,286.63,163.89,0,0,1,1.573,-1.427,0,0
1.4489,3.1757e+05,0.48548,238.68,0,0,1.1916e+05,1.0076,286.49,164.73,0,0,1,1.586,-1.414,0,0
1.4472,3.1724e+05,0.48808,239.62,0,0,1.1896e+05,0.99636,286.36,165.57,0,0,1,1.599,-1.401,0,0
1.4453,3.1689e+05,0.49076,240.56,0,0,1.1875e+05,0.98428,286.21,166.44,0,0,1,1.612,-1.388,0,0
1.4434,3.1654e+05,0.49345,241.5,0,0,1.1853e+05,0.97213,286.07,167.31,0,0,1,1.625,-1.375,0,0
1.4416,3.1618e+05,0.49614,242.44,0,0,1.1832e+05,0.95999,285.92,168.18,0,0,1,1.638,-1.362,0,0
1.4397,3.1583e+05,0.49884,243.38,-1.1911e-16,0,1.181e+05,0.94781,285.78,169.05,-8.2951e-17,0,1,1.651,-1.349,0,0
1.4377,3.1547e+05,0.50172,244.39,0,0,1.1788e+05,0.93525,285.62,169.98,0,0,1,1.664,-1.336,0,0
1.4358,3.1511e+05,0.50461,245.39,0,0,1.1766e+05,0.9227,285.46,170.91,0,0,1,1.677,-1.323,0,0
1.4339,3.1476e+05,0.50749,246.4,0,0,1.1743e+05,0.91014,285.3,171.84,0,0,1,1.69,-1.31,0,0
1.4319,3.1439e+05,0.51039,247.4,-1.8705e-16,0,1.1721e+05,0.8974,285.14,172.78,-1.3099e-16,0,1,1.703,-1.297,0,0
1.4299,3.1401e+05,0.51334,248.4,0,0,1.1697e+05,0.88405,284.98,173.72,0,0,1,1.716,-1.284,0,0
1.4278,3.1362e+05,0.51629,249.39,0,0,1.1674e+05,0.8707,284.81,174.67,0,0,1,1.729,-1.271,0,0
1.4257,3.1323e+05,0.51924,250.38,0,0,1.165e+05,0.85735,284.65,175.62,0,0,1,1.742,-1.258,0,0
1.4236,3.1284e+05,0.5222,251.37,8.9573e-17,0,1.1626e+05,0.84386,284.48,176.57,6.3073e-17,0,1,1.755,-1.245,0,0
1.4215,3.1244e+05,0.52517,252.34,0,0,1.1602e+05,0.83013,284.32,177.52,0,0,1,1.768,-1.232,0,0
1.4194,3.1204e+05,0.52813,253.3,0,0,1.1577e+05,0.8164,284.15,178.47,0,0,1,1.781,-1.219,0,0
1.4172,3.1163e+05,0.5311,254.27,0,0,1.1553e+05,0.80266,283.98,179.42,0,0,1,1.794,-1.206,0,0
1.415,3.1122e+05,0.53419,255.27,-1.7781e-16,0,1.1528e+05,0.78844,283.8,180.41,-1.2592e-16,0,1,1.807,-1.193,0,0
1.4127,3.108e+05,0.53739,256.3,0,0,1.1502e+05,0.77381,283.62,181.43,0,0,1,1.82,-1.18,0,0
1.4105,3.1037e+05,0.54059,257.33,0,0,1.1476e+05,0.75917,283.43,182.45,0,0,1,1.833,-1.167,0,0
1.4082,3.0995e+05,0.54379,258.36,0,0,1.145e+05,0.74453,283.25,183.47,0,0,1,1.846,-1.154,0,0
1.4058,3.0951e+05,0.54704,259.38,-1.8527e-16,0,1.1423e+05,0.72944,283.06,184.5,-1.3205e-16,0,1,1.859,-1.141,0,0
1.4035,3.0906e+05,0.55031,260.39,0,0,1.1396e+05,0.71413,282.87,185.54,0,0,1,1.872,-1.128,0,0
1.4011,3.0861e+05,0.55358,261.41,0,0,1.1369e+05,0.69883,282.67,186.58,0,0,1,1.885,-1.115,0,0
1.3987,3.0816e+05,0.55686,262.42,0,0,1.1342e+05,0.68353,282.48,187.62,0,0,1,1.898,-1.102,0,0
1.3963,3.0771e+05,0.56019,263.44,0,0,1.1314e+05,0.66797,282.28,188.68,0,0,1,1.911,-1.089,0,0
1.3938,3.0725e+05,0.56352,264.45,0,0,1.1286e+05,0.65235,282.08,189.73,0,0,1,1.924,-1.076,0,0
1.3914,3.0679e+05,0.56686,265.46,0,0,1.1259e+05,0.63674,281.88,190.79,0,0,1,1.937,-1.063,0,0
1.389,3.0634e+05,0.5702,266.47,0,0,1.1231e+05,0.62113,281.68,191.85,0,0,1,1.95,-1.05,0,0
1.3864,3.0585e+05,0.57365,267.47,0,0,1.1202e+05,0.60467,281.47,192.94,0,0,1,1.963,-1.037,0,0
1.3838,3.0537e+05,0.5771,268.48,0,0,1.1173e+05,0.58822,281.26,194.02,0,0,1,1.976,-1.024,0,0
1.3812,3.0488e+05,0.58055,269.49,0,0,1.1144e+05,0.57176,281.05,195.11,0,0,1,1.989,-1.011,0,0
1.3786,3.0439e+05,0.58401,270.49,2.1543e-16,0,1.1114e+05,0.5552,280.84,196.2,1.5675e-16,0,1,2.002,-0.998,0,0
1.3759,3.0388e+05,0.58751,271.45,0,0,1.1084e+05,0.53803,280.63,197.3,0,0,1,2.015,-0.985,0,0
1.3732,3.0336e+05,0.59101,272.42,0,0,1.1053e+05,0.52086,280.41,198.4,0,0,1,2.028,-0.972,0,0
1.3705,3.0284e+05,0.59451,273.39,0,0,1.1023e+05,0.50369,280.19,199.49,0,0,1,2.041,-0.959,0,0
1.3677,3.0232e+05,0.59805,274.37,0,0,1.0992e+05,0.48633,279.97,200.6,0,0,1,2.054,-0.946,0,0
1.3649,3.0179e+05,0.60169,275.35,0,0,1.0961e+05,0.46855,279.74,201.74,0,0,1,2.067,-0.933,0,0
1.3621,3.0126e+05,0.60533,276.33,0,0,1.0929e+05,0.45078,279.51,202.88,0,0,1,2.08,-0.92,0,0
1.3593,3.0073e+05,0.60897,277.31,0,0,1.0898e+05,0.433,279.29,204.02,0,0,1,2.093,-0.907,0,0
1.3564,3.0018e+05,0.61269,278.29,0,0,1.0865e+05,0.41469,279.05,205.18,0,0,1,2.106,-0.894,0,0
1.3534,2.9961e+05,0.6165,279.27,0,0,1.0832e+05,0.39575,278.8,206.36,0,0,1,2.119,-0.881,0,0
1.3504,2.9903e+05,0.62031,280.25,0,0,1.0798e+05,0.37681,278.56,207.55,0,0,1,2.132,-0.868,0,0
1.3474,2.9846e+05,0.62413,281.23,0,0,1.0764e+05,0.35787,278.32,208.73,0,0,1,2.145,-0.855,0,0
1.3443,2.9789e+05,0.628,282.21,0,0,1.0731e+05,0.33882,278.07,209.93,0,0,1,2.158,-0.842,0,0
1.3413,2.9732e+05,0.63192,283.2,0,0,1.0697e+05,0.31969,277.81,211.15,0,0,1,2.171,-0.829,0,0
1.3383,2.9675e+05,0.63584,284.18,0,0,1.0663e+05,0.30057,277.56,212.36,0,0,1,2.184,-0.816,0,0
1.3353,2.9618e+05,0.63976,285.17,0,0,1.0629e+05,0.28145,277.3,213.57,0,0,1,2.197,-0.803,0,0
1.3321,2.9558e+05,0.64374,286.13,1.8033e-16,0,1.0594e+05,0.26172,277.04,214.8,1.3582e-16,0,1,2.21,-0.79,0,0
1.329,2.9498e+05,0.64774,287.08,0,0,1.0559e+05,0.24181,276.77,216.03,0,0,1,2.223,-0.777,0,0
1.3258,2.9437e+05,0.65174,288.02,0,0,1.0523e+05,0.2219,276.51,217.26,0,0,1,2.236,-0.764,0,0
1.3226,2.9377e+05,0.65574,288.97,0,0,1.0488e+05,0.20199,276.24,218.49,0,0,1,2.249,-0.751,0,0
1.3193,2.9315e+05,0.65983,289.9,0,0,1.0452e+05,0.18149,275.97,219.74,0,0,1,2.262,-0.738,0,0
1.3161,2.9252e+05,0.66393,290.82,0,0,1.0415e+05,0.16094,275.69,220.99,0,0,1,2.275,-0.725,0,0
1.3128,2.9189e+05,0.66803,291.75,0,0,1.0379e+05,0.1404,275.42,222.25,0,0,1,2.288,-0.712,0,0
1.3095,2.9127e+05,0.67213,292.67,8.3871e-17,0,1.0342e+05,0.11979,275.14,223.5,6.4281e-17,0,1,2.301,-0.699,0,0
1.306,2.9061e+05,0.67633,293.56,0,0,1.0305e+05,0.098504,274.85,224.78,0,0,1,2.314,-0.686,0,0
1.3026,2.8995e+05,0.68053,294.45,0,0,1.0267e+05,0.077213,274.57,226.05,0,0,1,2.327,-0.673,0,0
1.2992,2.893e+05,0.68472,295.33,0,0,1.0229e+05,0.055923,274.28,227.33,0,0,1,2.34,-0.66,0,0
1.2957,2.8864e+05,0.68896,296.22,-1.5267e-16,0,1.0191e+05,0.034461,273.99,228.62,-1.1833e-16,0,1,2.353,-0.647,0,0
1.2922,2.8796e+05,0.69332,297.1,0,0,1.0152e+05,0.012425,273.69,229.93,0,0,1,2.366,-0.634,0,0
1.2886,2.8728e+05,0.69769,297.99,0,0,1.0113e+05,-0.0096102,273.38,231.25,0,0,1,2.379,-0.621,0,0
1.2851,2.866e+05,0.70205,298.87,0,0,1.0074e+05,-0.031646,273.08,232.57,0,0,1,2.392,-0.608,0,0
1.2815,2.8592e+05,0.70645,299.74,7.5392e-17,0,1.0034e+05,-0.053884,272.77,233.9,5.9076e-17,0,1,2.405,-0.595,0,0
1.2779,2.8522e+05,0.71092,300.59,0,0,99945,-0.076447,272.46,235.24,0,0,1,2.418,-0.582,0,0
1.2742,2.8452e+05,0.71538,301.44,-3.0157e-16,0,99545,-0.099011,272.14,236.58,-2.3631e-16,0,1,2.431,-0.569,0,0
1.2706,2.8382e+05,0.71985,302.29,0,0,99145,-0.12157,271.83,237.92,0,0,1,2.444,-0.556,0,0
1.2669,2.8312e+05,0.72425,303.09,-7.9484e-17,0,98744,-0.14416,271.51,239.24,-6.3036e-17,0,1,2.457,-0.543,0,0
1.2632,2.824e+05,0.7286,303.83,0,0,98344,-0.16676,271.2,240.54,0,0,1,2.47,-0.53,0,0
1.2595,2.8169e+05,0.73295,304.58,0,0,97943,-0.18936,270.89,241.83,0,0,1,2.483,-0.517,0,0
1.2558,2.8097e+05,0.7373,305.32,0,0,97542,-0.21197,270.58,243.13,0,0,1,2.496,-0.504,0,0
1.252,2.8025e+05,0.7418,306.07,5.7728e-17,0,97133,-0.23508,270.26,244.47,4.6312e-17,0,1,2.509,-0.491,0,0
1.2482,2.7951e+05,0.74637,306.82,0,0,96719,-0.25841,269.92,245.82,0,0,1,2.522,-0.478,0,0
1.2444,2.7878e+05,0.75093,307.57,0,0,96305,-0.28174,269.59,247.17,0,0,1,2.535,-0.465,0,0
1.2406,2.7804e+05,0.7555,308.32,0,0,95892,-0.30508,269.26,248.52,0,0,1,2.548,-0.452,0,0
1.2365,2.7724e+05,0.76033,309.04,1.1935e-16,0,95448,-0.33013,268.91,249.95,9.6877e-17,0,1,2.561,-0.439,0,0
1.2323,2.7643e+05,0.7652,309.75,0,0,94998,-0.35549,268.55,251.38,0,0,1,2.574,-0.426,0,0
1.2281,2.7562e+05,0.77008,310.46,0,0,94549,-0.38085,268.19,252.81,0,0,1,2.587,-0.413,0,0
1.2239,2.7481e+05,0.77495,311.18,0,0,94099,-0.40621,267.83,254.25,0,0,1,2.6,-0.4,0,0
1.2198,2.7401e+05,0.77985,311.86,0,0,93657,-0.43112,267.47,255.68,0,0,1,2.613,-0.387,0,0
1.2157,2.7322e+05,0.78475,312.55,0,0,93216,-0.45603,267.1,257.1,0,0,1,2.626,-0.374,0,0
1.2116,2.7243e+05,0.78965,313.24,0,0,92774,-0.48093,266.73,258.53,0,0,1,2.639,-0.361,0,0
1.2075,2.7163e+05,0.79455,313.91,1.5941e-17,0,92332,-0.50588,266.37,259.96,1.3302e-17,0,1,2.652,-0.348,0,0
1.2034,2.7082e+05,0.79945,314.52,0,0,91887,-0.531,266,261.38,0,0,1,2.665,-0.335,0,0
1.1992,2.7001e+05,0.80434,315.12,0,0,91441,-0.55613,265.63,262.8,0,0,1,2.678,-0.322,0,0
1.195,2.692e+05,0.80924,315.73,0,0,90996,-0.58125,265.26,264.21,0,0,1,2.691,-0.309,0,0
1.1908,2.6838e+05,0.81416,316.32,0,0,90547,-0.60656,264.88,265.63,0,0,1,2.704,-0.296,0,0
1.1865,2.6754e+05,0.81913,316.86,0,0,90092,-0.63225,264.5,267.06,0,0,1,2.717,-0.283,0,0
1.1822,2.667e+05,0.82411,317.39,0,0,89636,-0.65795,264.12,268.49,0,0,1,2.73,-0.27,0,0
1.1779,2.6586e+05,0.82908,317.93,0,0,89181,-0.68365,263.74,269.92,0,0,1,2.743,-0.257,0,0
1.1736,2.6501e+05,0.8341,318.45,-2.3721e-17,0,88722,-0.70951,263.35,271.35,-2.0317e-17,0,1,2.756,-0.244,0,0
1.1692,2.6415e+05,0.83917,318.94,0,0,88261,-0.73555,262.96,272.8,0,0,1,2.769,-0.231,0,0
1.1648,2.633e+05,0.84424,319.42,0,0,87799,-0.76159,262.57,274.24,0,0,1,2.782,-0.218,0,0
1.1605,2.6244e+05,0.84931,319.91,0,0,87337,-0.78763,262.18,275.68,0,0,1,2.795,-0.205,0,0
1.156,2.6157e+05,0.85447,320.37,0,0,86869,-0.81407,261.77,277.14,0,0,1,2.808,-0.192,0,0
1.1515,2.6068e+05,0.8597,320.81,0,0,86396,-0.84074,261.36,278.62,0,0,1,2.821,-0.179,0,0
1.147,2.598e+05,0.86493,321.25,0,0,85923,-0.86742,260.95,280.09,0,0,1,2.834,-0.166,0,0
1.1425,2.5891e+05,0.87015,321.69,0,0,85450,-0.8941,260.54,281.57,0,0,1,2.847,-0.153,0,0
1.1379,2.5801e+05,0.87546,322.08,6.9907e-17,0,84972,-0.92108,260.12,283.06,6.1757e-17,0,1,2.86,-0.14,0,0
1.1333,2.5711e+05,0.8808,322.46,0,0,84492,-0.94815,259.7,284.55,0,0,1,2.873,-0.127,0,0
1.1287,2.562e+05,0.88614,322.85,0,0,84012,-0.97522,259.28,286.04,0,0,1,2.886,-0.114,0,0
1.1242,2.553e+05,0.89148,323.23,0,0,83532,-1.0023,258.86,287.53,0,0,1,2.899,-0.101,0,0
1.1195,2.5438e+05,0.89687,323.54,5.5493e-17,0,83048,-1.0296,258.42,289.03,4.9799e-17,0,1,2.912,-0.088,0,0
1.1148,2.5345e+05,0.90226,323.85,0,0,82563,-1.0569,257.99,290.52,0,0,1,2.925,-0.075,0,0
1.1101,2.5253e+05,0.90765,324.15,0,0,82079,-1.0843,257.56,292.01,0,0,1,2.938,-0.062,0,0
1.1054,2.516e+05,0.91304,324.45,-1.5814e-17,0,81594,-1.1116,257.13,293.5,-1.4422e-17,0,1,2.951,-0.049,0,0
1.1007,2.5067e+05,0.91846,324.69,0,0,81110,-1.1389,256.69,294.99,0,0,1,2.964,-0.036,0,0
1.096,2.4973e+05,0.92388,324.93,0,0,80626,-1.1662,256.25,296.48,0,0,1,2.977,-0.023,0,0
1.0913,2.488e+05,0.92931,325.16,0,0,80142,-1.1935,255.81,297.96,0,0,1,2.99,-0.01,0,0
1.0866,2.4786e+05,0.93475,325.38,-7.7756e-17,0,79656,-1.2209,255.37,299.45,-7.2108e-17,0,1,3.003,0.003,0,0
1.0818,2.4691e+05,0.94027,325.55,0,0,79167,-1.2485,254.92,300.95,0,0,1,3.016,0.016,0,0
1.077,2.4595e+05,0.9458,325.73,-1.2441e-16,0,78677,-1.2761,254.47,302.45,-1.1537e-16,0,1,3.029,0.029,0,0
1.0722,2.45e+05,0.95132,325.9,-6.2205e-17,0,78188,-1.3038,254.02,303.95,-5.7687e-17,0,1,3.042,0.042,0,0
1.0674,2.4403e+05,0.95691,326.04,9.577e-18,0,77693,-1.3316,253.56,305.46,9.0381e-18,0,1,3.055,0.055,0,0
1.0624,2.4304e+05,0.96262,326.14,0,0,77191,-1.36,253.09,307,0,0,1,3.068,0.068,0,0
1.0575,2.4205e+05,0.96833,326.24,0,0,76689,-1.3883,252.62,308.53,0,0,1,3.081,0.081,0,0
1.0525,2.4106e+05,0.97403,326.34,0,0,76187,-1.4166,252.15,310.06,0,0,1,3.094,0.094,0,0
1.0475,2.4006e+05,0.97986,326.41,0,0,75679,-1.4453,251.67,311.62,0,0,1,3.107,0.107,0,0
1.0425,2.3904e+05,0.98578,326.46,0,0,75167,-1.4742,251.18,313.19,0,0,1,3.12,0.12,0,0
1.0374,2.3802e+05,0.9917,326.51,0,0,74655,-1.5031,250.69,314.77,0,0,1,3.133,0.133,0,0
1.0323,2.3701e+05,0.99762,326.55,0,0,74142,-1.532,250.2,316.34,0,0,1,3.146,0.146,0,0
1.0271,2.3596e+05,1.0037,326.54,2.5846e-18,0,73622,-1.5613,249.69,317.93,2.5315e-18,0,1,3.159,0.159,0,0
1.0219,2.3491e+05,1.0098,326.5,0,0,73098,-1.5908,249.18,319.54,0,0,1,3.172,0.172,0,0
1.0167,2.3386e+05,1.0159,326.46,0,0,72575,-1.6204,248.67,321.14,0,0,1,3.185,0.185,0,0
1.0114,2.328e+05,1.022,326.42,0,0,72051,-1.6499,248.16,322.74,0,0,1,3.198,0.198,0,0
1.0061,2.3174e+05,1.0281,326.32,0,0,71527,-1.6795,247.64,324.34,0,0,1,3.211,0.211,0,0
1.0009,2.3067e+05,1.0343,326.2,0,0,71003,-1.7091,247.12,325.95,0,0,1,3.224,0.224,0,0
0.99558,2.296e+05,1.0405,326.08,0,0,70478,-1.7386,246.6,327.55,0,0,1,3.237,0.237,0,0
0.99029,2.2853e+05,1.0467,325.96,0,0,69954,-1.7682,246.08,329.16,0,0,1,3.25,0.25,0,0
0.98489,2.2743e+05,1.053,325.75,0,0,69424,-1.7981,245.55,330.77,0,0,1,3.263,0.263,0,0
0.97948,2.2633e+05,1.0593,325.53,0,0,68893,-1.828,245.01,332.38,0,0,1,3.276,0.276,0,0
0.97408,2.2523e+05,1.0656,325.32,0,0,68363,-1.858,244.48,334,0,0,1,3.289,0.289,0,0
0.96866,2.2413e+05,1.0719,325.09,-6.1127e-18,0,67832,-1.8879,243.94,335.61,-6.3562e-18,0,1,3.302,0.302,0,0
0.9632,2.2302e+05,1.0783,324.81,0,0,67300,-1.9179,243.4,337.24,0,0,1,3.315,0.315,0,0
0.95773,2.219e+05,1.0848,324.52,0,0,66768,-1.948,242.85,338.88,0,0,1,3.328,0.328,0,0
0.95227,2.2079e+05,1.0912,324.23,0,0,66235,-1.978,242.3,340.51,0,0,1,3.341,0.341,0,0
0.94676,2.1966e+05,1.0977,323.92,0,0,65699,-2.0082,241.74,342.15,0,0,1,3.354,0.354,0,0
0.94113,2.1851e+05,1.1045,323.56,0,0,65155,-2.0389,241.16,343.83,0,0,1,3.367,0.367,0,0
0.93551,2.1736e+05,1.1112,323.19,0,0,64611,-2.0696,240.59,345.51,0,0,1,3.38,0.38,0,0
0.92988,2.1621e+05,1.1179,322.83,0,0,64068,-2.1003,240.01,347.19,0,0,1,3.393,0.393,0,0
0.92419,2.1504e+05,1.1248,322.43,-4.2085e-17,0,63518,-2.1313,239.42,348.9,-4.6001e-17,0,1,3.406,0.406,0,0
0.91842,2.1386e+05,1.1319,322,0,0,62963,-2.1626,238.81,350.64,0,0,1,3.419,0.419,0,0
0.91264,2.1267e+05,1.139,321.57,0,0,62407,-2.1939,238.2,352.38,0,0,1,3.432,0.432,0,0
0.90687,2.1149e+05,1.1461,321.13,0,0,61851,-2.2253,237.59,354.13,0,0,1,3.445,0.445,0,0
0.90085,2.1025e+05,1.1534,320.61,0,0,61277,-2.2577,236.95,355.92,0,0,1,3.458,0.458,0,0
0.89467,2.0897e+05,1.1609,320.02,0,0,60692,-2.2907,236.3,357.74,0,0,1,3.471,0.471,0,0
0.8885,2.077e+05,1.1684,319.44,0,0,60107,-2.3237,235.65,359.57,0,0,1,3.484,0.484,0,0
0.88232,2.0642e+05,1.176,318.85,0,0,59522,-2.3567,235,361.39,0,0,1,3.497,0.497,0,0
0.87605,2.0512e+05,1.1837,318.18,-1.3661e-16,0,58933,-2.3899,234.34,363.23,-1.5733e-16,0,1,3.51,0.51,0,0
0.86974,2.0381e+05,1.1914,317.48,0,0,58343,-2.4232,233.66,365.08,0,0,1,3.523,0.523,0,0
0.86344,2.025e+05,1.1991,316.78,0,0,57752,-2.4565,232.99,366.92,0,0,1,3.536,0.536,0,0
0.85713,2.0119e+05,1.2069,316.08,0,0,57162,-2.4898,232.32,368.77,0,0,1,3.549,0.549,0,0
0.85098,1.999e+05,1.2145,315.31,0,0,56593,-2.5219,231.66,370.56,0,0,1,3.562,0.562,0,0
0.84484,1.9862e+05,1.2221,314.54,0,0,56025,-2.5539,231,372.35,0,0,1,3.575,0.575,0,0
0.8387,1.9734e+05,1.2298,313.76,0,0,55457,-2.586,230.33,374.14,0,0,1,3.588,0.588,0,0
0.83258,1.9606e+05,1.2374,312.99,4.9882e-17,0,54891,-2.6179,229.67,375.93,6.0816e-17,0,1,3.601,0.601,0,0
0.82668,1.9482e+05,1.245,312.19,0,0,54348,-2.6485,229.01,377.68,0,0,1,3.614,0.614,0,0
0.82077,1.9358e+05,1.2526,311.38,0,0,53805,-2.6792,228.35,379.43,0,0,1,3.627,0.627,0,0
0.81486,1.9235e+05,1.2601,310.58,0,0,53262,-2.7098,227.69,381.18,0,0,1,3.64,0.64,0,0
0.80893,1.911e+05,1.2678,309.75,8.5117e-17,0,52718,-2.7405,227.02,382.93,1.0685e-16,0,1,3.653,0.653,0,0
0.80293,1.8984e+05,1.2755,308.84,0,0,52175,-2.7711,226.35,384.68,0,0,1,3.666,0.666,0,0
0.79692,1.8857e+05,1.2832,307.92,0,0,51631,-2.8018,225.68,386.43,0,0,1,3.679,0.679,0,0
0.79092,1.873e+05,1.2909,307,0,0,51088,-2.8324,225.01,388.18,0,0,1,3.692,0.692,0,0
0.7849,1.8603e+05,1.2987,306.06,-7.7341e-17,0,50545,-2.8631,224.33,389.94,-9.9596e-17,0,1,3.705,0.705,0,0
0.77886,1.8475e+05,1.3067,305.06,0,0,50003,-2.8936,223.63,391.72,0,0,1,3.718,0.718,0,0
0.77282,1.8348e+05,1.3147,304.07,0,0,49461,-2.9242,222.94,393.5,0,0,1,3.731,0.731,0,0
0.76678,1.822e+05,1.3227,303.08,0,0,48919,-2.9548,222.24,395.28,0,0,1,3.744,0.744,0,0
0.76077,1.8092e+05,1.3307,302.04,1.1284e-16,0,48384,-2.9849,221.54,397.04,1.4951e-16,0,1,3.757,0.757,0,0
0.75479,1.7965e+05,1.3387,300.97,0,0,47855,-3.0148,220.85,398.79,0,0,1,3.77,0.77,0,0
0.74881,1.7837e+05,1.3467,299.9,0,0,47326,-3.0447,220.15,400.55,0,0,1,3.783,0.783,0,0
0.74282,1.771e+05,1.3547,298.82,0,0,46796,-3.0745,219.46,402.3,0,0,1,3.796,0.796,0,0
0.73681,1.7581e+05,1.3628,297.7,-1.0657e-16,0,46269,-3.1043,218.74,404.07,-1.4615e-16,0,1,3.809,0.809,0,0
0.73079,1.7453e+05,1.3711,296.55,0,0,45742,-3.134,218.03,405.84,0,0,1,3.822,0.822,0,0
0.72477,1.7324e+05,1.3794,295.4,0,0,45215,-3.1637,217.31,407.62,0,0,1,3.835,0.835,0,0
0.71875,1.7195e+05,1.3876,294.25,0,0,44688,-3.1934,216.59,409.39,0,0,1,3.848,0.848,0,0
0.71289,1.7069e+05,1.3959,293.07,-1.0306e-16,0,44180,-3.2221,215.88,411.13,-1.4597e-16,0,1,3.861,0.861,0,0
0.70706,1.6944e+05,1.4041,291.88,0,0,43676,-3.2506,215.17,412.86,0,0,1,3.874,0.874,0,0
0.70122,1.6819e+05,1.4123,290.69,0,0,43171,-3.279,214.45,414.59,0,0,1,3.887,0.887,0,0
0.69539,1.6693e+05,1.4205,289.51,0,0,42667,-3.3075,213.74,416.32,0,0,1,3.9,0.9,0,0
0.68983,1.6573e+05,1.4286,288.32,0,0,42190,-3.3343,213.04,418,0,0,1,3.913,0.913,0,0
0.68428,1.6453e+05,1.4367,287.14,0,0,41714,-3.3612,212.34,419.68,0,0,1,3.926,0.926,0,0
0.67872,1.6334e+05,1.4448,285.96,0,0,41238,-3.3881,211.64,421.35,0,0,1,3.939,0.939,0,0
0.67318,1.6214e+05,1.4529,284.76,-2.4258e-16,0,40764,-3.4148,210.95,423.02,-3.6677e-16,0,1,3.952,0.952,0,0
0.66773,1.6096e+05,1.4609,283.52,0,0,40305,-3.4407,210.26,424.64,0,0,1,3.965,0.965,0,0
0.66228,1.5977e+05,1.4688,282.27,0,0,39846,-3.4666,209.57,426.26,0,0,1,3.978,0.978,0,0
0.65683,1.5859e+05,1.4768,281.03,0,0,39387,-3.4925,208.88,427.88,0,0,1,3.991,0.991,0,0
0.65141,1.5741e+05,1.4848,279.77,-1.282e-16,0,38932,-3.5181,208.2,429.5,-1.995e-16,0,1,4.004,1.004,0,0
0.64607,1.5624e+05,1.4929,278.49,0,0,38487,-3.5432,207.51,431.1,0,0,1,4.017,1.017,0,0
0.64072,1.5508e+05,1.501,277.21,0,0,38042,-3.5684,206.81,432.71,0,0,1,4.03,1.03,0,0
0.63537,1.5391e+05,1.509,275.94,0,0,37596,-3.5935,206.12,434.32,0,0,1,4.043,1.043,0,0
0.63001,1.5274e+05,1.5172,274.63,6.0466e-17,0,37153,-3.6185,205.43,435.93,9.6918e-17,0,1,4.056,1.056,0,0
0.62465,1.5156e+05,1.5255,273.28,0,0,36713,-3.6433,204.72,437.54,0,0,1,4.069,1.069,0,0
0.61928,1.5039e+05,1.5337,271.93,0,0,36272,-3.6682,204.02,439.16,0,0,1,4.082,1.082,0,0
0.61392,1.4921e+05,1.542,270.58,0,0,35831,-3.6931,203.31,440.77,0,0,1,4.095,1.095,0,0
0.60868,1.4806e+05,1.5502,269.24,1.1081e-16,0,35404,-3.7171,202.62,442.36,1.8403e-16,0,1,4.108,1.108,0,0
0.60353,1.4692e+05,1.5584,267.89,0,0,34986,-3.7407,201.92,443.92,0,0,1,4.121,1.121,0,0
0.59838,1.4579e+05,1.5666,266.54,0,0,34568,-3.7643,201.23,445.49,0,0,1,4.134,1.134,0,0
0.59322,1.4465e+05,1.5748,265.2,0,0,34150,-3.7879,200.54,447.05,0,0,1,4.147,1.147,0,0
0.58841,1.4359e+05,1.5825,263.9,-2.271e-16,0,33764,-3.8097,199.88,448.52,-3.8938e-16,0,1,4.16,1.16,0,0
0.5837,1.4255e+05,1.5902,262.61,0,0,33387,-3.8309,199.24,449.95,0,0,1,4.173,1.173,0,0
0.57899,1.415e+05,1.5978,261.33,0,0,33010,-3.8522,198.6,451.39,0,0,1,4.186,1.186,0,0
0.57428,1.4046e+05,1.6055,260.05,0,0,32633,-3.8735,197.95,452.83,0,0,1,4.199,1.199,0,0
0.5698,1.3947e+05,1.6129,258.79,0,0,32279,-3.8934,197.33,454.19,0,0,1,4.212,1.212,0,0
0.56535,1.3848e+05,1.6203,257.53,0,0,31927,-3.9133,196.72,455.56,0,0,1,4.225,1.225,0,0
0.5609,1.3748e+05,1.6277,256.27,0,0,31576,-3.9331,196.1,456.92,0,0,1,4.238,1.238,0,0
0.55644,1.3649e+05,1.6351,255.01,8.3894e-17,0,31224,-3.953,195.48,458.29,1.5288e-16,0,1,4.251,1.251,0,0
0.55195,1.3549e+05,1.6428,253.7,0,0,30873,-3.9727,194.84,459.67,0,0,1,4.264,1.264,0,0
0.54745,1.3449e+05,1.6504,252.39,0,0,30523,-3.9925,194.21,461.06,0,0,1,4.277,1.277,0,0
0.54296,1.3348e+05,1.6581,251.07,0,0,30172,-4.0123,193.57,462.45,0,0,1,4.29,1.29,0,0
0.53848,1.3248e+05,1.6657,249.76,2.9216e-17,0,29823,-4.032,192.93,463.83,5.5054e-17,0,1,4.303,1.303,0,0
0.53405,1.3149e+05,1.6735,248.42,0,0,29482,-4.0512,192.3,465.2,0,0,1,4.316,1.316,0,0
0.52963,1.3049e+05,1.6812,247.09,0,0,29141,-4.0704,191.66,466.58,0,0,1,4.329,1.329,0,0
0.5252,1.295e+05,1.689,245.76,0,0,28800,-4.0897,191.02,467.95,0,0,1,4.342,1.342,0,0
0.52087,1.2853e+05,1.6966,244.44,-1.0871e-16,0,28468,-4.1084,190.39,469.3,-2.1124e-16,0,1,4.355,1.355,0,0
0.51671,1.2759e+05,1.7041,243.15,0,0,28151,-4.1263,189.78,470.61,0,0,1,4.368,1.368,0,0
0.51254,1.2665e+05,1.7116,241.86,0,0,27834,-4.1442,189.16,471.92,0,0,1,4.381,1.381,0,0
0.50837,1.2571e+05,1.7192,240.57,0,0,27517,-4.1621,188.55,473.23,0,0,1,4.394,1.394,0,0
0.50437,1.2481e+05,1.7265,239.31,-2.1644e-16,0,27214,-4.1792,187.95,474.49,-4.3296e-16,0,1,4.407,1.407,0,0
0.50051,1.2394e+05,1.7337,238.09,0,0,26923,-4.1956,187.37,475.72,0,0,1,4.42,1.42,0,0
0.49665,1.2306e+05,1.7408,236.86,0,0,26632,-4.212,186.79,476.95,0,0,1,4.433,1.433,0,0
0.49279,1.2219e+05,1.748,235.64,0,0,26342,-4.2284,186.21,478.18,0,0,1,4.446,1.446,0,0
0.48902,1.2133e+05,1.7551,234.41,2.553e-16,0,26060,-4.2442,185.64,479.37,5.2675e-16,0,1,4.459,1.459,0,0
0.48528,1.2049e+05,1.7621,233.19,0,0,25783,-4.2599,185.07,480.56,0,0,1,4.472,1.472,0,0
0.48154,1.1964e+05,1.7692,231.96,0,0,25506,-4.2755,184.5,481.74,0,0,1,4.485,1.485,0,0
0.4778,1.1879e+05,1.7762,230.74,0,0,25228,-4.2912,183.94,482.93,0,0,1,4.498,1.498,0,0
0.4742,1.1796e+05,1.7832,229.54,-1.1054e-16,0,24963,-4.3061,183.38,484.08,-2.3529e-16,0,1,4.511,1.511,0,0
0.47062,1.1715e+05,1.7902,228.34,0,0,24700,-4.3209,182.82,485.23,0,0,1,4.524,1.524,0,0
0.46704,1.1633e+05,1.7972,227.15,0,0,24438,-4.3358,182.27,486.39,0,0,1,4.537,1.537,0,0
0.46346,1.1552e+05,1.8041,225.95,0,0,24175,-4.3506,181.71,487.54,0,0,1,4.55,1.55,0,0
0.46,1.1473e+05,1.811,224.77,-2.113e-16,0,23924,-4.3648,181.16,488.66,-4.6238e-16,0,1,4.563,1.563,0,0
0.45654,1.1393e+05,1.8179,223.59,0,0,23673,-4.3789,180.62,489.78,0,0,1,4.576,1.576,0,0
0.45308,1.1314e+05,1.8248,222.41,0,0,23422,-4.3931,180.07,490.9,0,0,1,4.589,1.589,0,0
0.44963,1.1235e+05,1.8318,221.22,1.4771e-16,0,23172,-4.4072,179.52,492.02,3.3308e-16,0,1,4.602,1.602,0,0
0.44621,1.1157e+05,1.8389,220.03,0,0,22925,-4.4211,178.97,493.15,0,0,1,4.615,1.615,0,0
0.44278,1.1078e+05,1.846,218.84,0,0,22679,-4.435,178.41,494.28,0,0,1,4.628,1.628,0,0
0.43936,1.0999e+05,1.853,217.65,0,0,22433,-4.4489,177.86,495.41,0,0,1,4.641,1.641,0,0
0.43598,1.0922e+05,1.86,216.47,1.7293e-16,0,22191,-4.4625,177.31,496.52,4.0344e-16,0,1,4.654,1.654,0,0
0.43272,1.0846e+05,1.8669,215.3,0,0,21960,-4.4755,176.78,497.59,0,0,1,4.667,1.667,0,0
0.42945,1.0771e+05,1.8737,214.13,0,0,21729,-4.4886,176.25,498.66,0,0,1,4.68,1.68,0,0
0.42618,1.0696e+05,1.8805,212.97,0,0,21498,-4.5016,175.72,499.73,0,0,1,4.693,1.693,0,0
0.42306,1.0624e+05,1.8872,211.85,0,0,21278,-4.514,175.21,500.76,0,0,1,4.706,1.706,0,0
0.42013,1.0556e+05,1.8936,210.79,0,0,21072,-4.5256,174.71,501.75,0,0,1,4.719,1.719,0,0
0.41719,1.0488e+05,1.9,209.73,0,0,20865,-4.5373,174.21,502.74,0,0,1,4.732,1.732,0,0
0.41426,1.042e+05,1.9065,208.67,0,0,20659,-4.5489,173.72,503.73,0,0,1,4.745,1.745,0,0
0.41138,1.0354e+05,1.9128,207.62,9.2563e-17,0,20458,-4.5603,173.23,504.7,2.2742e-16,0,1,4.758,1.758,0,0
0.40853,1.0287e+05,1.9192,206.57,0,0,20260,-4.5714,172.75,505.66,0,0,1,4.771,1.771,0,0
0.40568,1.0221e+05,1.9255,205.51,0,0,20062,-4.5826,172.27,506.62,0,0,1,4.784,1.784,0,0
0.40283,1.0155e+05,1.9318,204.46,0,0,19865,-4.5937,171.78,507.58,0,0,1,4.797,1.797,0,0
0.40015,1.0093e+05,1.9379,203.47,-1.7905e-16,0,19680,-4.6041,171.32,508.49,-4.5091e-16,0,1,4.81,1.81,0,0
0.39753,1.0032e+05,1.9439,202.49,0,0,19500,-4.6143,170.87,509.39,0,0,1,4.823,1.823,0,0
0.39491,99712,1.95,201.51,0,0,19319,-4.6245,170.41,510.29,0,0,1,4.836,1.836,0,0
0.39229,99103,1.956,200.54,0,0,19139,-4.6347,169.95,511.19,0,0,1,4.849,1.849,0,0
0.38968,98494,1.9621,199.55,0,0,18961,-4.6447,169.49,512.09,0,0,1,4.862,1.862,0,0
0.38707,97884,1.9683,198.56,0,0,18783,-4.6548,169.03,512.99,0,0,1,4.875,1.875,0,0
0.38446,97275,1.9744,197.56,0,0,18605,-4.6648,168.57,513.89,0,0,1,4.888,1.888,0,0
0.38185,96665,1.9805,196.57,1.2751e-16,0,18427,-4.6748,168.11,514.79,3.3767e-16,0,1,4.901,1.901,0,0
0.37924,96053,1.9867,195.56,0,0,18252,-4.6847,167.65,515.69,0,0,1,4.914,1.914,0,0
0.37662,95442,1.9929,194.55,0,0,18077,-4.6946,167.19,516.58,0,0,1,4.927,1.927,0,0
0.37401,94830,1.9991,193.54,0,0,17902,-4.7044,166.73,517.48,0,0,1,4.94,1.94,0,0
0.37144,94226,2.0052,192.54,1.7029e-16,0,17730,-4.7142,166.28,518.36,4.6384e-16,0,1,4.953,1.953,0,0
0.36898,93649,2.0112,191.57,0,0,17567,-4.7234,165.84,519.21,0,0,1,4.966,1.966,0,0
0.36653,93071,2.0172,190.61,0,0,17404,-4.7326,165.4,520.06,0,0,1,4.979,1.979,0,0
0.36407,92494,2.0232,189.64,0,0,17240,-4.7418,164.96,520.91,0,0,1,4.992,1.992,0,0
0.36168,91932,2.029,188.7,-7.3497e-17,0,17082,-4.7507,164.53,521.74,-2.0518e-16,0,1,5.005,2.005,0,0
0.35939,91393,2.0348,187.79,0,0,16931,-4.7592,164.11,522.55,0,0,1,5.018,2.018,0,0
0.3571,90854,2.0406,186.89,0,0,16780,-4.7677,163.69,523.36,0,0,1,5.031,2.031,0,0
0.35481,90315,2.0464,185.98,0,0,16629,-4.7762,163.26,524.17,0,0,1,5.044,2.044,0,0
0.35254,89779,2.0522,185.07,0,0,16480,-4.7847,162.84,524.98,0,0,1,5.057,2.057,0,0
0.35028,89245,2.058,184.16,0,0,16332,-4.793,162.42,525.78,0,0,1,5.07,2.07,0,0
0.34802,88712,2.0638,183.26,0,0,16185,-4.8013,162,526.59,0,0,1,5.083,2.083,0,0
0.34576,88178,2.0697,182.35,0,0,16037,-4.8096,161.58,527.39,0,0,1,5.096,2.096,0,0
0.34359,87664,2.0753,181.47,0,0,15897,-4.8175,161.17,528.16,0,0,1,5.109,2.109,0,0
0.34146,87158,2.0808,180.59,0,0,15760,-4.8253,160.78,528.91,0,0,1,5.122,2.122,0,0
0.33932,86653,2.0863,179.72,0,0,15623,-4.833,160.39,529.66,0,0,1,5.135,2.135,0,0
0.33719,86147,2.0918,178.85,0,0,15486,-4.8407,159.99,530.41,0,0,1,5.148,2.148,0,0
0.33532,85703,2.0968,178.08,-7.1852e-17,0,15366,-4.8475,159.63,531.08,-2.1563e-16,0,1,5.161,2.161,0,0
0.33349,85270,2.1017,177.33,0,0,15249,-4.8541,159.28,531.75,0,0,1,5.174,2.174,0,0
0.33167,84836,2.1066,176.58,0,0,15132,-4.8607,158.93,532.41,0,0,1,5.187,2.187,0,0
0.32984,84403,2.1115,175.83,0,0,15016,-4.8673,158.59,533.07,0,0,1,5.2,2.2,0,0
0.32786,83931,2.1171,175.01,0,0,14889,-4.8744,158.2,533.8,0,0,1,5.213,2.213,0,0
0.32587,83459,2.1226,174.18,0,0,14763,-4.8815,157.81,534.53,0,0,1,5.226,2.226,0,0
0.32389,82987,2.1281,173.36,0,0,14636,-4.8887,157.42,535.26,0,0,1,5.239,2.239,0,0
0.32189,82511,2.1336,172.53,3.3449e-17,0,14510,-4.8958,157.03,535.99,1.055e-16,0,1,5.252,2.252,0,0
0.3198,82010,2.1391,171.63,0,0,14381,-4.903,156.65,536.7,0,0,1,5.265,2.265,0,0
0.31771,81510,2.1445,170.74,0,0,14253,-4.9103,156.27,537.41,0,0,1,5.278,2.278,0,0
0.31563,81009,2.1499,169.84,0,0,14125,-4.9175,155.89,538.12,0,0,1,5.291,2.291,0,0
0.31367,80539,2.1551,169,-1.2969e-25,0,14004,-4.9243,155.53,538.79,-4.1354e-25,0,1,5.304,2.304,0,0
0.312,80138,2.1597,168.28,-1.9358e-26,0,13902,-4.9301,155.21,539.38,-6.1981e-26,0,1,5.317,2.317,0,0
0.31033,79738,2.1642,167.56,2.3064e-28,0,13800,-4.9358,154.9,539.97,7.4184e-28,0,1,5.33,2.33,0,0
0.30867,79337,2.1688,166.84,-8.7721e-28,0,13698,-4.9416,154.58,540.55,-2.8357e-27,0,1,5.343,2.343,0,0
0.307,78937,2.1733,166.12,-2.662e-26,0,13596,-4.9474,154.27,541.14,-8.6527e-26,0,1,5.356,2.356,0,0
0.30533,78537,2.1779,165.41,-1.8902e-26,0,13494,-4.9531,153.95,541.73,-6.1815e-26,0,1,5.369,2.369,0,0
0.30372,78151,2.1827,164.72,-7.736e-28,0,13394,-4.9587,153.62,542.34,-2.5429e-27,0,1,5.382,2.382,0,0
0.30211,77765,2.1875,164.03,-2.5426e-15,0,13295,-4.9643,153.3,542.94,-8.4026e-15,0,1,5.395,2.395,0,0
0.3005,77379,2.1923,163.34,0,0,13196,-4.9699,152.97,543.55,0,0,1,5.408,2.408,0,0
0.29889,76994,2.1971,162.65,-1.1705e-26,0,13096,-4.9755,152.64,544.16,-3.9118e-26,0,1,5.421,2.421,0,0
0.29733,76618,2.2019,161.97,-7.2596e-28,0,13000,-4.9809,152.31,544.76,-2.4391e-27,0,1,5.434,2.434,0,0
0.29577,76243,2.2066,161.3,4.5065e-29,0,12904,-4.9864,151.99,545.36,1.5222e-28,0,1,5.447,2.447,0,0
0.2942,75868,2.2114,160.62,1.4322e-27,0,12809,-4.9918,151.66,545.96,4.864e-27,0,1,5.46,2.46,0,0
0.29268,75500,2.2162,159.96,2.2183e-29,0,12715,-4.997,151.34,546.55,7.5731e-29,0,1,5.473,2.473,0,0
0.29117,75138,2.2208,159.3,1.3726e-30,0,12623,-5.0022,151.03,547.13,4.7103e-30,0,1,5.486,2.486,0,0
0.28966,74775,2.2255,158.65,-4.348e-29,0,12531,-5.0074,150.71,547.71,-1.5e-28,0,1,5.499,2.499,0,0
0.28821,74426,2.2301,158.02,0,0,12443,-5.0124,150.4,548.27,0,0,1,5.512,2.512,0,0
0.28676,74077,2.2346,157.38,0,0,12356,-5.0173,150.1,548.83,0,0,1,5.525,2.525,0,0
0.28535,73737,2.2391,156.76,5.2129e-30,0,12270,-5.0221,149.8,549.38,1.8256e-29,0,1,5.538,2.538,0,0
0.28396,73402,2.2435,156.15,1.0273e-29,0,12186,-5.0269,149.5,549.92,3.6152e-29,0,1,5.551,2.551,0,0
0.2826,73073,2.2479,155.55,2.0256e-29,0,12104,-5.0315,149.21,550.45,7.163e-29,0,1,5.564,2.564,0,0
0.28125,72748,2.2522,154.96,6.3922e-28,0,12023,-5.0361,148.92,550.98,2.2714e-27,0,1,5.577,2.577,0,0
0.27994,72431,2.2564,154.38,-1.2327e-30,0,11945,-5.0405,148.64,551.49,-4.4007e-30,0,1,5.59,2.59,0,0
0.27864,72118,2.2606,153.81,0,0,11867,-5.0449,148.36,552,0,0,1,5.603,2.603,0,0
0.27736,71808,2.2648,153.24,-1.5405e-28,0,11790,-5.0492,148.09,552.5,-5.5513e-28,0,1,5.616,2.616,0,0
0.2761,71504,2.2689,152.68,1.5227e-28,0,11715,-5.0534,147.82,552.99,5.512e-28,0,1,5.629,2.629,0,0
0.27486,71204,2.2729,152.13,-7.5288e-29,0,11642,-5.0576,147.55,553.48,-2.7378e-28,0,1,5.642,2.642,0,0
0.27364,70909,2.277,151.59,-7.4359e-29,0,11569,-5.0617,147.28,553.96,-2.716e-28,0,1,5.655,2.655,0,0
0.27244,70617,2.2809,151.05,0,0,11498,-5.0657,147.02,554.43,0,0,1,5.668,2.668,0,0
0.27125,70329,2.2848,150.52,1.4506e-28,0,11428,-5.0697,146.76,554.9,5.3452e-28,0,1,5.681,2.681,0,0
0.27009,70048,2.2887,149.99,-7.033e-14,0,11359,-5.0735,146.51,555.36,-2.6028e-13,0,1,5.694,2.694,0,0
0.26899,69783,2.2928,149.51,0,0,11292,-5.0773,146.24,555.84,0,0,1,5.707,2.707,0,0
0.26775,69479,2.2963,148.93,0,0,11223,-5.0812,146.02,556.25,0,0,1,5.72,2.72,0,0
0.26681,69239,2.2966,148.43,-9.1041e-31,0,11182,-5.0835,145.99,556.3,-3.4108e-30,0,1,5.733,2.733,0,0
0.27079,70069,2.2592,149.35,3.9799e-17,0,11550,-5.0627,148.5,551.7,1.5145e-16,0,1,5.746,2.746,0,0
0.38682,92739,1.4885,156.86,3.2079e-15,0,23852,-4.3688,208.43,421.5,8.0975e-15,0,1,5.759,2.759,0,0
0.78104,1.7181e+05,0.53658,141.3,0,0,63601,-2.1266,283.64,181.14,0,0,1,5.772,2.772,0,0
0.82136,1.8e+05,0.48396,134.9,1.2309e-30,0,67568,-1.9028,286.58,164.24,1.4938e-30,0,1,5.785,2.785,0,0
0.82396,1.8047e+05,0.47617,133.24,0,0,67879,-1.8853,286.99,161.71,0,0,1,5.798,2.798,0,0
0.82822,1.8129e+05,0.4668,131.41,0,0,68345,-1.859,287.47,158.66,0,0,1,5.811,2.811,0,0
0.83199,1.8201e+05,0.45815,129.66,-1.2404e-28,0,68763,-1.8354,287.91,155.84,-1.4848e-28,0,1,5.824,2.824,0,0
0.83553,1.8268e+05,0.44988,127.95,1.8956e-30,0,69154,-1.8133,288.33,153.14,2.2601e-30,0,1,5.837,2.837,0,0
0.83884,1.8331e+05,0.44195,126.28,-9.2798e-31,0,69523,-1.7925,288.72,150.54,-1.1023e-30,0,1,5.85,2.85,0,0
0.84195,1.839e+05,0.43435,124.65,1.0009e-15,0,69870,-1.7729,289.09,148.05,1.1847e-15,0,1,5.863,2.863,0,0
0.84489,1.8446e+05,0.42702,123.05,0,0,70199,-1.7544,289.44,145.64,0,0,1,5.876,2.876,0,0
0.84766,1.8498e+05,0.41996,121.48,8.699e-31,0,70511,-1.7368,289.78,143.31,1.0231e-30,0,1,5.889,2.889,0,0
0.85028,1.8548e+05,0.41316,119.95,8.5083e-31,0,70806,-1.7201,290.1,141.07,9.9772e-31,0,1,5.902,2.902,0,0
0.85276,1.8594e+05,0.40661,118.45,1.215e-16,0,71086,-1.7043,290.4,138.91,1.4208e-16,0,1,5.915,2.915,0,0
0.85511,1.8639e+05,0.40028,116.99,-1.6271e-30,0,71353,-1.6893,290.68,136.81,-1.8977e-30,0,1,5.928,2.928,0,0
0.85734,1.8681e+05,0.39417,115.56,-3.1818e-30,0,71607,-1.675,290.96,134.79,-3.7017e-30,0,1,5.941,2.941,0,0
0.85946,1.872e+05,0.38826,114.16,-1.9915e-28,0,71848,-1.6613,291.22,132.83,-2.3115e-28,0,1,5.954,2.954,0,0
0.86148,1.8758e+05,0.38256,112.79,0,0,72079,-1.6484,291.47,130.93,0,0,1,5.967,2.967,0,0
0.8634,1.8794e+05,0.37704,111.46,-7.4426e-31,0,72298,-1.636,291.71,129.09,-8.6004e-31,0,1,5.98,2.98,0,0
0.86524,1.8828e+05,0.3717,110.16,1.0907e-15,0,72508,-1.6241,291.93,127.31,1.2578e-15,0,1,5.993,2.993,0,0
0.867,1.8861e+05,0.3665,108.88,0,0,72711,-1.6127,292.15,125.58,0,0,1,6.006,3.006,0,0
0.86867,1.8892e+05,0.36146,107.63,0,0,72903,-1.6019,292.36,123.9,0,0,1,6.019,3.019,0,0
0.87028,1.8923e+05,0.35661,106.41,1.4673e-15,0,73087,-1.5915,292.56,122.28,1.6826e-15,0,1,6.032,3.032,0,0
0.87186,1.8952e+05,0.35183,105.22,6.8433e-28,0,73269,-1.5812,292.75,120.68,7.8334e-28,0,1,6.045,3.045,0,0
0.87329,1.8979e+05,0.34726,104.05,-2.0495e-14,0,73434,-1.5719,292.93,119.15,-2.3424e-14,0,1,6.058,3.058,0,0
0.87471,1.9005e+05,0.34271,102.89,4.1156e-29,0,73599,-1.5626,293.11,117.62,4.6962e-29,0,1,6.071,3.071,0,0
0.87611,1.9031e+05,0.33845,101.8,4.8666e-16,0,73758,-1.5536,293.28,116.2,5.5448e-16,0,1,6.084,3.084,0,0
0.8775,1.9057e+05,0.3342,100.71,0,0,73917,-1.5447,293.45,114.77,0,0,1,6.097,3.097,0,0
0.8787,1.9079e+05,0.33009,99.631,1.555e-28,0,74057,-1.5367,293.6,113.39,1.7666e-28,0,1,6.11,3.11,0,0
0.87986,1.9101e+05,0.32603,98.559,-7.7211e-29,0,74193,-1.5291,293.75,112.02,-8.7606e-29,0,1,6.123,3.123,0,0
0.88102,1.9122e+05,0.32199,97.493,2.4534e-27,0,74330,-1.5214,293.91,110.66,2.7801e-27,0,1,6.136,3.136,0,0
0.88224,1.9145e+05,0.31821,96.502,-3.0435e-28,0,74468,-1.5136,294.04,109.39,-3.4442e-28,0,1,6.149,3.149,0,0
0.88346,1.9168e+05,0.31444,95.511,-1.5101e-28,0,74606,-1.5058,294.18,108.12,-1.7067e-28,0,1,6.162,3.162,0,0
0.88468,1.9191e+05,0.31066,94.52,1.1988e-27,0,74744,-1.498,294.32,106.84,1.3529e-27,0,1,6.175,3.175,0,0
0.8855,1.9205e+05,0.30681,93.456,1.1654e-27,0,74847,-1.4922,294.45,105.54,1.3142e-27,0,1,6.188,3.188,0,0
0.8862,1.9217e+05,0.30295,92.37,0,0,74941,-1.4869,294.59,104.24,0,0,1,6.201,3.201,0,0
0.8869,1.9229e+05,0.29908,91.284,0,0,75035,-1.4816,294.72,102.93,0,0,1,6.214,3.214,0,0
0.8876,1.924e+05,0.29521,90.198,4.1743e-27,0,75128,-1.4763,294.86,101.62,4.6963e-27,0,1,6.227,3.227,0,0
0.88839,1.9255e+05,0.29217,89.363,8.0041e-27,0,75221,-1.4711,294.96,100.59,8.9969e-27,0,1,6.24,3.24,0,0
0.88922,1.9271e+05,0.28956,88.657,9.5616e-28,0,75314,-1.4659,295.05,99.707,1.0737e-27,0,1,6.253,3.253,0,0
0.89005,1.9286e+05,0.28695,87.952,2.3892e-15,0,75407,-1.4606,295.14,98.823,2.6799e-15,0,1,6.266,3.266,0,0
0.89088,1.9302e+05,0.28434,87.247,8.6747e-28,0,75499,-1.4554,295.22,97.938,9.7188e-28,0,1,6.279,3.279,0,0
0.89172,1.9318e+05,0.28172,86.542,1.317e-26,0,75592,-1.4502,295.31,97.054,1.4736e-26,0,1,6.292,3.292,0,0
0.89254,1.9334e+05,0.27977,86.031,0,0,75678,-1.4453,295.38,96.39,0,0,1,6.305,3.305,0,0
0.89334,1.9351e+05,0.27885,85.831,0,0,75754,-1.441,295.41,96.08,0,0,1,6.318,3.318,0,0
0.89414,1.9367e+05,0.27794,85.631,0,0,75830,-1.4368,295.44,95.77,0,0,1,6.331,3.331,0,0
0.89495,1.9384e+05,0.27703,85.431,0,0,75905,-1.4325,295.46,95.46,0,0,1,6.344,3.344,0,0
0.89587,1.9404e+05,0.2762,85.268,0,0,75991,-1.4277,295.49,95.179,0,0,1,6.357,3.357,0,0
0.89691,1.9425e+05,0.27544,85.135,0,0,76085,-1.4224,295.52,94.922,0,0,1,6.37,3.37,0,0
0.89795,1.9447e+05,0.27468,85.003,0,0,76179,-1.4171,295.54,94.664,0,0,1,6.383,3.383,0,0
0.89898,1.9469e+05,0.27392,84.87,0,0,76273,-1.4117,295.56,94.407,0,0,1,6.396,3.396,0,0
0.89969,1.9483e+05,0.27239,84.467,0,0,76346,-1.4076,295.61,93.885,0,0,1,6.409,3.409,0,0
0.90026,1.9494e+05,0.2705,83.944,0,0,76409,-1.4041,295.67,93.246,0,0,1,6.422,3.422,0,0
0.90082,1.9504e+05,0.26862,83.42,0,0,76473,-1.4005,295.73,92.606,0,0,1,6.435,3.435,0,0
0.90139,1.9515e+05,0.26674,82.897,0,0,76536,-1.3969,295.79,91.966,0,0,1,6.448,3.448,0,0
0.90208,1.9529e+05,0.26497,82.416,0,0,76609,-1.3928,295.85,91.364,0,0,1,6.461,3.461,0,0
0.90279,1.9543e+05,0.26322,81.943,0,0,76683,-1.3886,295.9,90.768,0,0,1,6.474,3.474,0,0
0.9035,1.9557e+05,0.26147,81.47,0,0,76758,-1.3844,295.95,90.172,0,0,1,6.487,3.487,0,0
0.90421,1.9571e+05,0.25971,80.996,0,0,76832,-1.3802,296.01,89.577,0,0,1,6.5,3.5,0,0
0.90469,1.958e+05,0.25796,80.497,0,0,76887,-1.3771,296.06,88.978,0,0,1,6.513,3.513,0,0
0.90517,1.9589e+05,0.2562,79.997,0,0,76941,-1.3741,296.11,88.379,0,0,1,6.526,3.526,0,0
0.90565,1.9598e+05,0.25444,79.498,0,0,76996,-1.371,296.17,87.78,0,0,1,6.539,3.539,0,0
0.90613,1.9607e+05,0.25268,78.997,0,0,77050,-1.3679,296.22,87.18,0,0,1,6.552,3.552,0,0
0.90661,1.9616e+05,0.2509,78.489,0,0,77104,-1.3649,296.27,86.575,0,0,1,6.565,3.565,0,0
0.90708,1.9625e+05,0.24913,77.981,0,0,77158,-1.3618,296.32,85.97,0,0,1,6.578,3.578,0,0
0.90756,1.9634e+05,0.24735,77.473,0,0,77212,-1.3588,296.37,85.365,0,0,1,6.591,3.591,0,0
0.90805,1.9643e+05,0.24564,76.987,0,0,77266,-1.3557,296.42,84.783,0,0,1,6.604,3.604,0,0
0.90857,1.9653e+05,0.2441,76.55,0,0,77322,-1.3526,296.47,84.255,0,0,1,6.617,3.617,0,0
0.90908,1.9663e+05,0.24255,76.114,0,0,77378,-1.3495,296.51,83.727,0,0,1,6.63,3.63,0,0
0.9096,1.9673e+05,0.241,75.677,0,0,77433,-1.3463,296.56,83.199,0,0,1,6.643,3.643,0,0
0.91004,1.9682e+05,0.23938,75.212,0,0,77483,-1.3435,296.6,82.647,0,0,1,6.656,3.656,0,0
0.9104,1.9688e+05,0.23769,74.714,0,0,77526,-1.3411,296.65,82.068,0,0,1,6.669,3.669,0,0
0.91076,1.9695e+05,0.23599,74.216,0,0,77568,-1.3387,296.7,81.488,0,0,1,6.682,3.682,0,0
0.91112,1.9701e+05,0.23429,73.717,0,0,77611,-1.3363,296.74,80.909,0,0,1,6.695,3.695,0,0
0.91153,1.9709e+05,0.23264,73.237,0,0,77658,-1.3336,296.79,80.346,0,0,1,6.708,3.708,0,0
0.91197,1.9717e+05,0.23103,72.768,0,0,77707,-1.3309,296.83,79.793,0,0,1,6.721,3.721,0,0
0.91241,1.9726e+05,0.22941,72.299,0,0,77756,-1.3281,296.88,79.24,0,0,1,6.734,3.734,0,0
0.91286,1.9734e+05,0.22779,71.829,0,0,77806,-1.3253,296.92,78.686,0,0,1,6.747,3.747,0,0
0.91316,1.974e+05,0.22621,71.36,0,0,77843,-1.3232,296.96,78.146,0,0,1,6.76,3.76,0,0
0.91343,1.9744e+05,0.22464,70.891,0,0,77876,-1.3213,297,77.61,0,0,1,6.773,3.773,0,0
0.91369,1.9749e+05,0.22307,70.421,0,0,77910,-1.3194,297.04,77.074,0,0,1,6.786,3.786,0,0
0.91396,1.9753e+05,0.22151,69.952,0,0,77943,-1.3175,297.09,76.538,0,0,1,6.799,3.799,0,0
0.9143,1.976e+05,0.21999,69.504,0,0,77983,-1.3153,297.12,76.019,0,0,1,6.812,3.812,0,0
0.91466,1.9766e+05,0.21848,69.058,0,0,78023,-1.313,297.16,75.502,0,0,1,6.825,3.825,0,0
0.91501,1.9773e+05,0.21697,68.611,0,0,78063,-1.3108,297.2,74.985,0,0,1,6.838,3.838,0,0
0.91535,1.978e+05,0.21547,68.168,0,0,78103,-1.3085,297.24,74.472,0,0,1,6.851,3.851,0,0
0.91562,1.9784e+05,0.21411,67.761,0,0,78135,-1.3068,297.27,74.006,0,0,1,6.864,3.864,0,0
0.91589,1.9789e+05,0.21275,67.353,0,0,78166,-1.305,297.31,73.539,0,0,1,6.877,3.877,0,0
0.91615,1.9794e+05,0.21139,66.946,0,0,78198,-1.3032,297.34,73.073,0,0,1,6.89,3.89,0,0
0.91643,1.9799e+05,0.21003,66.539,0,0,78231,-1.3013,297.38,72.607,0,0,1,6.903,3.903,0,0
0.91673,1.9805e+05,0.20866,66.132,0,0,78265,-1.2994,297.41,72.139,0,0,1,6.916,3.916,0,0
0.91703,1.981e+05,0.2073,65.725,0,0,78300,-1.2974,297.44,71.672,0,0,1,6.929,3.929,0,0
0.91733,1.9816e+05,0.20593,65.318,0,0,78334,-1.2955,297.48,71.204,0,0,1,6.942,3.942,0,0
0.91759,1.9821e+05,0.20457,64.908,0,0,78365,-1.2938,297.51,70.738,0,0,1,6.955,3.955,0,0
0.91778,1.9824e+05,0.20322,64.494,0,0,78390,-1.2924,297.54,70.272,0,0,1,6.968,3.968,0,0
0.91798,1.9827e+05,0.20186,64.081,0,0,78415,-1.2909,297.58,69.807,0,0,1,6.981,3.981,0,0
0.91817,1.9831e+05,0.2005,63.667,0,0,78440,-1.2895,297.61,69.342,0,0,1,6.994,3.994,0,0
0.91838,1.9835e+05,0.1992,63.27,0,0,78466,-1.288,297.64,68.893,0,0,1,7.007,4.007,0,0
0.91862,1.9839e+05,0.19793,62.886,0,0,78494,-1.2865,297.67,68.457,0,0,1,7.02,4.02,0,0
0.91886,1.9843e+05,0.19666,62.502,0,0,78522,-1.2849,297.7,68.022,0,0,1,7.033,4.033,0,0
0.91909,1.9848e+05,0.19539,62.119,0,0,78550,-1.2833,297.73,67.587,0,0,1,7.046,4.046,0,0
0.91928,1.9851e+05,0.19418,61.75,0,0,78574,-1.282,297.76,67.172,0,0,1,7.059,4.059,0,0
0.91945,1.9854e+05,0.193,61.389,0,0,78595,-1.2808,297.78,66.767,0,0,1,7.072,4.072,0,0
0.91962,1.9857e+05,0.19182,61.027,0,0,78617,-1.2795,297.81,66.361,0,0,1,7.085,4.085,0,0
0.91979,1.986e+05,0.19064,60.665,0,0,78639,-1.2783,297.84,65.955,0,0,1,7.098,4.098,0,0
0.92001,1.9864e+05,0.18951,60.323,0,0,78664,-1.2769,297.86,65.568,0,0,1,7.111,4.111,0,0
0.92024,1.9868e+05,0.1884,59.986,0,0,78690,-1.2754,297.89,65.185,0,0,1,7.124,4.124,0,0
0.92047,1.9872e+05,0.18728,59.648,0,0,78716,-1.2739,297.91,64.802,0,0,1,7.137,4.137,0,0
0.92069,1.9877e+05,0.18617,59.31,0,0,78742,-1.2725,297.94,64.419,0,0,1,7.15,4.15,0,0
0.92084,1.9879e+05,0.18506,58.968,0,0,78761,-1.2714,297.96,64.038,0,0,1,7.163,4.163,0,0
0.92098,1.9882e+05,0.18395,58.626,0,0,78780,-1.2704,297.98,63.657,0,0,1,7.176,4.176,0,0
0.92113,1.9884e+05,0.18284,58.284,0,0,78798,-1.2693,298.01,63.275,0,0,1,7.189,4.189,0,0
0.92127,1.9887e+05,0.18173,57.942,0,0,78817,-1.2682,298.03,62.894,0,0,1,7.202,4.202,0,0
0.92143,1.9889e+05,0.18061,57.598,0,0,78837,-1.2671,298.06,62.51,0,0,1,7.215,4.215,0,0
0.92159,1.9892e+05,0.1795,57.254,0,0,78857,-1.266,298.08,62.126,0,0,1,7.228,4.228,0,0
0.92175,1.9895e+05,0.17838,56.91,0,0,78877,-1.2649,298.1,61.742,0,0,1,7.241,4.241,0,0
0.92193,1.9898e+05,0.17733,56.59,0,0,78899,-1.2637,298.13,61.382,0,0,1,7.254,4.254,0,0
0.92217,1.9903e+05,0.17645,56.322,0,0,78924,-1.2622,298.14,61.076,0,0,1,7.267,4.267,0,0
0.92241,1.9908e+05,0.17556,56.055,0,0,78949,-1.2608,298.16,60.771,0,0,1,7.28,4.28,0,0
0.92265,1.9912e+05,0.17467,55.788,0,0,78974,-1.2594,298.18,60.465,0,0,1,7.293,4.293,0,0
0.92284,1.9916e+05,0.17377,55.514,0,0,78996,-1.2582,298.2,60.156,0,0,1,7.306,4.306,0,0
0.92298,1.9918e+05,0.17286,55.233,0,0,79013,-1.2572,298.22,59.842,0,0,1,7.319,4.319,0,0
0.92312,1.9921e+05,0.17195,54.951,0,0,79030,-1.2563,298.24,59.528,0,0,1,7.332,4.332,0,0
0.92326,1.9923e+05,0.17103,54.67,0,0,79046,-1.2553,298.26,59.214,0,0,1,7.345,4.345,0,0
0.92342,1.9927e+05,0.1701,54.382,0,0,79065,-1.2542,298.27,58.892,0,0,1,7.358,4.358,0,0
0.9236,1.993e+05,0.16915,54.09,0,0,79086,-1.2531,298.29,58.565,0,0,1,7.371,4.371,0,0
0.92378,1.9933e+05,0.1682,53.798,0,0,79106,-1.2519,298.31,58.237,0,0,1,7.384,4.384,0,0
0.92396,1.9937e+05,0.16725,53.506,0,0,79127,-1.2508,298.33,57.91,0,0,1,7.397,4.397,0,0
0.9241,1.9939e+05,0.16631,53.216,0,0,79143,-1.2498,298.35,57.587,0,0,1,7.41,4.41,0,0
0.92423,1.9941e+05,0.16538,52.927,0,0,79159,-1.249,298.37,57.266,0,0,1,7.423,4.423,0,0
0.92435,1.9944e+05,0.16444,52.637,0,0,79175,-1.2481,298.39,56.945,0,0,1,7.436,4.436,0,0
0.92448,1.9946e+05,0.16351,52.347,0,0,79191,-1.2472,298.4,56.623,0,0,1,7.449,4.449,0,0
0.92462,1.9948e+05,0.16255,52.049,0,0,79207,-1.2462,298.42,56.293,0,0,1,7.462,4.462,0,0
0.92475,1.9951e+05,0.16159,51.751,0,0,79224,-1.2453,298.44,55.962,0,0,1,7.475,4.475,0,0
0.92489,1.9953e+05,0.16063,51.453,0,0,79240,-1.2444,298.46,55.631,0,0,1,7.488,4.488,0,0
0.92503,1.9956e+05,0.15968,51.156,0,0,79257,-1.2434,298.48,55.302,0,0,1,7.501,4.501,0,0
0.92515,1.9958e+05,0.15881,50.886,0,0,79272,-1.2426,298.49,55.003,0,0,1,7.514,4.514,0,0
0.92527,1.996e+05,0.15794,50.616,0,0,79286,-1.2418,298.51,54.704,0,0,1,7.527,4.527,0,0
0.92539,1.9962e+05,0.15707,50.346,0,0,79301,-1.2409,298.53,54.405,0,0,1,7.54,4.54,0,0
0.92552,1.9964e+05,0.15622,50.08,0,0,79316,-1.2401,298.54,54.11,0,0,1,7.553,4.553,0,0
0.92563,1.9967e+05,0.1554,49.824,0,0,79330,-1.2393,298.56,53.827,0,0,1,7.566,4.566,0,0
0.92575,1.9969e+05,0.15457,49.568,0,0,79344,-1.2385,298.57,53.544,0,0,1,7.579,4.579,0,0
0.92586,1.9971e+05,0.15375,49.312,0,0,79358,-1.2378,298.59,53.261,0,0,1,7.592,4.592,0,0
0.92598,1.9973e+05,0.15294,49.059,0,0,79372,-1.237,298.6,52.98,0,0,1,7.605,4.605,0,0
0.9261,1.9975e+05,0.15214,48.808,0,0,79386,-1.2362,298.62,52.703,0,0,1,7.618,4.618,0,0
0.92623,1.9977e+05,0.15133,48.558,0,0,79401,-1.2353,298.63,52.426,0,0,1,7.631,4.631,0,0
0.92635,1.998e+05,0.15053,48.308,0,0,79415,-1.2345,298.65,52.148,0,0,1,7.644,4.644,0,0
0.92646,1.9982e+05,0.14973,48.06,0,0,79428,-1.2338,298.66,51.875,0,0,1,7.657,4.657,0,0
0.92657,1.9984e+05,0.14895,47.815,0,0,79441,-1.2331,298.67,51.605,0,0,1,7.67,4.67,0,0
0.92667,1.9986e+05,0.14817,47.57,0,0,79454,-1.2323,298.69,51.334,0,0,1,7.683,4.683,0,0
0.92678,1.9987e+05,0.14738,47.325,0,0,79466,-1.2316,298.7,51.064,0,0,1,7.696,4.696,0,0
0.92688,1.9989e+05,0.14662,47.087,0,0,79479,-1.2309,298.72,50.802,0,0,1,7.709,4.709,0,0
0.92698,1.9991e+05,0.14587,46.852,0,0,79491,-1.2302,298.73,50.543,0,0,1,7.722,4.722,0,0
0.92709,1.9993e+05,0.14512,46.617,0,0,79503,-1.2295,298.74,50.284,0,0,1,7.735,4.735,0,0
0.92719,1.9995e+05,0.14437,46.383,0,0,79516,-1.2289,298.75,50.025,0,0,1,7.748,4.748,0,0
0.92731,1.9997e+05,0.14362,46.147,0,0,79529,-1.2281,298.77,49.765,0,0,1,7.761,4.761,0,0
0.92743,1.9999e+05,0.14286,45.911,0,0,79543,-1.2273,298.78,49.504,0,0,1,7.774,4.774,0,0
0.92754,2.0002e+05,0.14211,45.676,0,0,79556,-1.2266,298.79,49.244,0,0,1,7.787,4.787,0,0
0.92766,2.0004e+05,0.14135,45.44,0,0,79570,-1.2258,298.81,48.983,0,0,1,7.8,4.8,0,0
0.92768,2.0004e+05,0.14059,45.197,0,0,79575,-1.2255,298.82,48.721,0,0,1,7.813,4.813,0,0
0.9277,2.0004e+05,0.13983,44.955,0,0,79580,-1.2252,298.83,48.458,0,0,1,7.826,4.826,0,0
0.92772,2.0004e+05,0.13907,44.712,0,0,79585,-1.2249,298.84,48.196,0,0,1,7.839,4.839,0,0
0.92776,2.0004e+05,0.13832,44.472,0,0,79591,-1.2246,298.86,47.935,0,0,1,7.852,4.852,0,0
0.9279,2.0007e+05,0.1376,44.25,0,0,79606,-1.2237,298.87,47.688,0,0,1,7.865,4.865,0,0
0.92804,2.001e+05,0.13689,44.027,0,0,79622,-1.2229,298.88,47.441,0,0,1,7.878,4.878,0,0
0.92818,2.0013e+05,0.13617,43.804,0,0,79637,-1.222,298.89,47.194,0,0,1,7.891,4.891,0,0
0.92829,2.0015e+05,0.13549,43.592,0,0,79650,-1.2213,298.9,46.959,0,0,1,7.904,4.904,0,0
0.92835,2.0016e+05,0.13489,43.401,0,0,79657,-1.2208,298.91,46.751,0,0,1,7.917,4.917,0,0
0.92842,2.0017e+05,0.13428,43.211,0,0,79665,-1.2204,298.92,46.543,0,0,1,7.93,4.93,0,0
0.92848,2.0018e+05,0.13368,43.021,0,0,79673,-1.22,298.93,46.335,0,0,1,7.943,4.943,0,0
0.92856,2.0019e+05,0.13309,42.834,0,0,79683,-1.2194,298.94,46.129,0,0,1,7.956,4.956,0,0
0.92867,2.0022e+05,0.1325,42.65,0,0,79694,-1.2188,298.95,45.926,0,0,1,7.969,4.969,0,0
0.92878,2.0024e+05,0.13191,42.467,0,0,79706,-1.2181,298.96,45.723,0,0,1,7.982,4.982,0,0
0.92888,2.0026e+05,0.13132,42.283,0,0,79718,-1.2174,298.97,45.52,0,0,1,7.995,4.995,0,0
0.92895,2.0027e+05,0.13073,42.096,0,0,79726,-1.217,298.98,45.316,0,0,1,8.008,5.008,0,0
0.92899,2.0028e+05,0.13014,41.907,0,0,79732,-1.2166,298.99,45.11,0,0,1,8.021,5.021,0,0
0.92903,2.0028e+05,0.12954,41.717,0,0,79738,-1.2163,299,44.904,0,0,1,8.034,5.034,0,0
0.92908,2.0029e+05,0.12894,41.528,0,0,79744,-1.216,299,44.698,0,0,1,8.047,5.047,0,0
0.92918,2.0031e+05,0.12837,41.348,0,0,79755,-1.2153,299.01,44.5,0,0,1,8.06,5.06,0,0
0.92929,2.0033e+05,0.1278,41.171,0,0,79767,-1.2146,299.02,44.304,0,0,1,8.073,5.073,0,0
0.92941,2.0035e+05,0.12724,40.994,0,0,79780,-1.2139,299.03,44.108,0,0,1,8.086,5.086,0,0
0.92953,2.0038e+05,0.12667,40.817,0,0,79792,-1.2133,299.04,43.912,0,0,1,8.099,5.099,0,0
0.92957,2.0038e+05,0.12613,40.645,0,0,79798,-1.2129,299.05,43.725,0,0,1,8.112,5.112,0,0
0.92961,2.0039e+05,0.12559,40.474,0,0,79803,-1.2126,299.06,43.539,0,0,1,8.125,5.125,0,0
0.92964,2.0039e+05,0.12505,40.303,0,0,79808,-1.2123,299.06,43.353,0,0,1,8.138,5.138,0,0
0.92968,2.004e+05,0.12452,40.133,0,0,79814,-1.212,299.07,43.169,0,0,1,8.151,5.151,0,0
0.92978,2.0042e+05,0.12404,39.984,0,0,79824,-1.2115,299.08,43.004,0,0,1,8.164,5.164,0,0
0.92987,2.0044e+05,0.12356,39.835,0,0,79834,-1.2109,299.09,42.839,0,0,1,8.177,5.177,0,0
0.92996,2.0046e+05,0.12309,39.686,0,0,79844,-1.2103,299.09,42.674,0,0,1,8.19,5.19,0,0
0.93005,2.0047e+05,0.12259,39.531,0,0,79853,-1.2098,299.1,42.504,0,0,1,8.203,5.203,0,0
0.93014,2.0049e+05,0.12204,39.357,0,0,79863,-1.2093,299.11,42.313,0,0,1,8.216,5.216,0,0
0.93023,2.0051e+05,0.12149,39.183,0,0,79873,-1.2087,299.12,42.122,0,0,1,8.229,5.229,0,0
0.93031,2.0052e+05,0.12094,39.009,0,0,79882,-1.2082,299.12,41.931,0,0,1,8.242,5.242,0,0
0.93038,2.0053e+05,0.12037,38.83,0,0,79890,-1.2077,299.13,41.736,0,0,1,8.255,5.255,0,0
0.93041,2.0054e+05,0.11979,38.643,0,0,79895,-1.2075,299.14,41.533,0,0,1,8.268,5.268,0,0
0.93044,2.0054e+05,0.1192,38.456,0,0,79900,-1.2072,299.15,41.331,0,0,1,8.281,5.281,0,0
0.93047,2.0055e+05,0.11862,38.269,0,0,79904,-1.2069,299.16,41.128,0,0,1,8.294,5.294,0,0
0.93053,2.0056e+05,0.11805,38.09,0,0,79912,-1.2065,299.16,40.933,0,0,1,8.307,5.307,0,0
0.93061,2.0057e+05,0.11751,37.917,0,0,79921,-1.206,299.17,40.745,0,0,1,8.32,5.32,0,0
0.93069,2.0059e+05,0.11696,37.745,0,0,79930,-1.2055,299.18,40.556,0,0,1,8.333,5.333,0,0
0.93078,2.0061e+05,0.11642,37.573,0,0,79939,-1.205,299.19,40.367,0,0,1,8.346,5.346,0,0
0.93082,2.0061e+05,0.11592,37.415,0,0,79945,-1.2046,299.19,40.196,0,0,1,8.359,5.359,0,0
0.93086,2.0062e+05,0.11544,37.264,0,0,79949,-1.2044,299.2,40.032,0,0,1,8.372,5.372,0,0
0.93089,2.0063e+05,0.11497,37.112,0,0,79954,-1.2041,299.21,39.868,0,0,1,8.385,5.385,0,0
0.93093,2.0063e+05,0.1145,36.961,0,0,79959,-1.2039,299.21,39.703,0,0,1,8.398,5.398,0,0
0.93099,2.0064e+05,0.11401,36.806,0,0,79966,-1.2034,299.22,39.534,0,0,1,8.411,5.411,0,0
0.93107,2.0066e+05,0.11352,36.651,0,0,79974,-1.203,299.23,39.364,0,0,1,8.424,5.424,0,0
0.93114,2.0067e+05,0.11302,36.495,0,0,79983,-1.2025,299.23,39.194,0,0,1,8.437,5.437,0,0
0.93122,2.0069e+05,0.11253,36.34,0,0,79991,-1.202,299.24,39.024,0,0,1,8.45,5.45,0,0
0.93126,2.0069e+05,0.11203,36.179,0,0,79996,-1.2018,299.25,38.85,0,0,1,8.463,5.463,0,0
0.93129,2.007e+05,0.11152,36.018,0,0,80001,-1.2015,299.25,38.676,0,0,1,8.476,5.476,0,0
0.93133,2.007e+05,0.11102,35.857,0,0,80006,-1.2012,299.26,38.501,0,0,1,8.489,5.489,0,0
0.93137,2.0071e+05,0.11052,35.698,0,0,80011,-1.2009,299.27,38.329,0,0,1,8.502,5.502,0,0
0.93145,2.0073e+05,0.11005,35.55,0,0,80019,-1.2004,299.27,38.166,0,0,1,8.515,5.515,0,0
0.93152,2.0074e+05,0.10958,35.401,0,0,80027,-1.2,299.28,38.004,0,0,1,8.528,5.528,0,0
0.9316,2.0076e+05,0.10911,35.253,0,0,80036,-1.1995,299.28,37.841,0,0,1,8.541,5.541,0,0
0.93165,2.0076e+05,0.10863,35.1,0,0,80041,-1.1992,299.29,37.675,0,0,1,8.554,5.554,0,0
0.93163,2.0076e+05,0.10813,34.937,0,0,80042,-1.1992,299.3,37.501,0,0,1,8.567,5.567,0,0
0.93162,2.0075e+05,0.10763,34.775,0,0,80042,-1.1991,299.3,37.328,0,0,1,8.58,5.58,0,0
0.9316,2.0075e+05,0.10713,34.613,0,0,80043,-1.1991,299.31,37.154,0,0,1,8.593,5.593,0,0
0.93164,2.0076e+05,0.10664,34.457,0,0,80047,-1.1989,299.32,36.985,0,0,1,8.606,5.606,0,0
0.93172,2.0077e+05,0.10617,34.307,0,0,80056,-1.1983,299.32,36.821,0,0,1,8.619,5.619,0,0
0.93181,2.0079e+05,0.10569,34.158,0,0,80065,-1.1978,299.33,36.658,0,0,1,8.632,5.632,0,0
0.9319,2.0081e+05,0.10522,34.009,0,0,80074,-1.1973,299.33,36.494,0,0,1,8.645,5.645,0,0
0.93194,2.0081e+05,0.10482,33.88,0,0,80080,-1.197,299.34,36.354,0,0,1,8.658,5.658,0,0
0.93196,2.0082e+05,0.10445,33.764,0,0,80082,-1.1969,299.34,36.229,0,0,1,8.671,5.671,0,0
0.93197,2.0082e+05,0.10409,33.648,0,0,80085,-1.1967,299.35,36.104,0,0,1,8.684,5.684,0,0
0.93199,2.0082e+05,0.10373,33.532,0,0,80087,-1.1966,299.35,35.979,0,0,1,8.697,5.697,0,0
0.93205,2.0083e+05,0.10336,33.413,0,0,80093,-1.1963,299.36,35.849,0,0,1,8.71,5.71,0,0
0.93211,2.0085e+05,0.10298,33.294,0,0,80100,-1.1959,299.36,35.719,0,0,1,8.723,5.723,0,0
0.93218,2.0086e+05,0.1026,33.174,0,0,80107,-1.1955,299.37,35.588,0,0,1,8.736,5.736,0,0
0.93225,2.0087e+05,0.10222,33.054,0,0,80115,-1.1951,299.37,35.457,0,0,1,8.749,5.749,0,0
0.93227,2.0088e+05,0.10185,32.934,0,0,80118,-1.1949,299.37,35.326,0,0,1,8.762,5.762,0,0
0.93229,2.0088e+05,0.10147,32.813,0,0,80121,-1.1947,299.38,35.196,0,0,1,8.775,5.775,0,0
0.93231,2.0088e+05,0.10109,32.692,0,0,80123,-1.1946,299.38,35.066,0,0,1,8.788,5.788,0,0
0.93234,2.0089e+05,0.10072,32.572,0,0,80127,-1.1944,299.39,34.936,0,0,1,8.801,5.801,0,0
0.93239,2.009e+05,0.10038,32.464,0,0,80133,-1.194,299.39,34.818,0,0,1,8.814,5.814,0,0
0.93245,2.0091e+05,0.10003,32.355,0,0,80139,-1.1937,299.4,34.699,0,0,1,8.827,5.827,0,0
0.93251,2.0092e+05,0.099692,32.247,0,0,80145,-1.1934,299.4,34.581,0,0,1,8.84,5.84,0,0
0.93256,2.0093e+05,0.09935,32.138,0,0,80150,-1.1931,299.4,34.462,0,0,1,8.853,5.853,0,0
0.93259,2.0093e+05,0.099007,32.028,0,0,80154,-1.1929,299.41,34.344,0,0,1,8.866,5.866,0,0
0.93262,2.0094e+05,0.098664,31.919,0,0,80158,-1.1926,299.41,34.225,0,0,1,8.879,5.879,0,0
0.93265,2.0095e+05,0.098321,31.809,0,0,80161,-1.1924,299.42,34.106,0,0,1,8.892,5.892,0,0
0.93268,2.0095e+05,0.097968,31.696,0,0,80165,-1.1922,299.42,33.984,0,0,1,8.905,5.905,0,0
0.93272,2.0096e+05,0.097599,31.579,0,0,80170,-1.1919,299.43,33.856,0,0,1,8.918,5.918,0,0
0.93276,2.0097e+05,0.097231,31.461,0,0,80174,-1.1917,299.43,33.729,0,0,1,8.931,5.931,0,0
0.9328,2.0097e+05,0.096862,31.343,0,0,80179,-1.1914,299.43,33.601,0,0,1,8.944,5.944,0,0
0.93284,2.0098e+05,0.096508,31.23,0,0,80184,-1.1912,299.44,33.478,0,0,1,8.957,5.957,0,0
0.93289,2.0099e+05,0.096165,31.121,0,0,80188,-1.1909,299.44,33.36,0,0,1,8.97,5.97,0,0
0.93293,2.01e+05,0.095822,31.011,0,0,80193,-1.1906,299.45,33.241,0,0,1,8.983,5.983,0,0
0.93297,2.0101e+05,0.095479,30.902,0,0,80198,-1.1904,299.45,33.122,0,0,1,8.996,5.996,0,0
0.93301,2.0101e+05,0.095121,30.787,0,0,80202,-1.1901,299.45,32.998,0,0,1,9.009,6.009,0,0
0.93303,2.0102e+05,0.094756,30.671,0,0,80205,-1.1899,299.46,32.872,0,0,1,9.022,6.022,0,0
0.93306,2.0102e+05,0.094392,30.554,0,0,80209,-1.1898,299.46,32.746,0,0,1,9.035,6.035,0,0
0.93309,2.0103e+05,0.094028,30.437,0,0,80212,-1.1896,299.47,32.62,0,0,1,9.048,6.048,0,0
0.93313,2.0103e+05,0.093668,30.322,0,0,80217,-1.1893,299.47,32.495,0,0,1,9.061,6.061,0,0
0.93317,2.0104e+05,0.093308,30.207,0,0,80221,-1.189,299.47,32.37,0,0,1,9.074,6.074,0,0
0.93322,2.0105e+05,0.092949,30.092,0,0,80226,-1.1888,299.48,32.246,0,0,1,9.087,6.087,0,0
0.93326,2.0106e+05,0.092589,29.978,0,0,80231,-1.1885,299.48,32.121,0,0,1,9.1,6.1,0,0
0.93328,2.0106e+05,0.09224,29.865,0,0,80234,-1.1883,299.49,32,0,0,1,9.113,6.113,0,0
0.93329,2.0106e+05,0.091891,29.753,0,0,80236,-1.1882,299.49,31.879,0,0,1,9.126,6.126,0,0
0.93331,2.0107e+05,0.091541,29.641,0,0,80239,-1.1881,299.49,31.758,0,0,1,9.139,6.139,0,0
0.93333,2.0107e+05,0.091195,29.529,0,0,80242,-1.1879,299.5,31.638,0,0,1,9.152,6.152,0,0
0.93337,2.0108e+05,0.090862,29.423,0,0,80246,-1.1876,299.5,31.523,0,0,1,9.165,6.165,0,0
0.93341,2.0109e+05,0.090529,29.317,0,0,80250,-1.1874,299.5,31.408,0,0,1,9.178,6.178,0,0
0.93345,2.0109e+05,0.090197,29.21,0,0,80255,-1.1872,299.51,31.293,0,0,1,9.191,6.191,0,0
0.93348,2.011e+05,0.08986,29.102,0,0,80258,-1.1869,299.51,31.176,0,0,1,9.204,6.204,0,0
0.93349,2.011e+05,0.089513,28.99,0,0,80260,-1.1868,299.52,31.056,0,0,1,9.217,6.217,0,0
0.9335,2.011e+05,0.089166,28.879,0,0,80262,-1.1867,299.52,30.936,0,0,1,9.23,6.23,0,0
0.93351,2.011e+05,0.088819,28.767,0,0,80264,-1.1866,299.52,30.816,0,0,1,9.243,6.243,0,0
0.93354,2.0111e+05,0.088476,28.656,0,0,80267,-1.1865,299.53,30.697,0,0,1,9.256,6.256,0,0
0.93359,2.0112e+05,0.088135,28.548,0,0,80272,-1.1862,299.53,30.579,0,0,1,9.269,6.269,0,0
0.93363,2.0113e+05,0.087795,28.439,0,0,80277,-1.1859,299.53,30.461,0,0,1,9.282,6.282,0,0
0.93368,2.0113e+05,0.087455,28.331,0,0,80282,-1.1856,299.54,30.343,0,0,1,9.295,6.295,0,0
0.9337,2.0114e+05,0.087136,28.228,0,0,80284,-1.1855,299.54,30.232,0,0,1,9.308,6.308,0,0
0.9337,2.0114e+05,0.08683,28.129,0,0,80285,-1.1854,299.54,30.126,0,0,1,9.321,6.321,0,0
0.9337,2.0114e+05,0.086524,28.03,0,0,80286,-1.1854,299.55,30.021,0,0,1,9.334,6.334,0,0
0.9337,2.0113e+05,0.086219,27.931,0,0,80287,-1.1853,299.55,29.915,0,0,1,9.347,6.347,0,0
0.93373,2.0114e+05,0.085858,27.816,0,0,80291,-1.1851,299.55,29.79,0,0,1,9.36,6.36,0,0
0.93377,2.0115e+05,0.085481,27.695,0,0,80295,-1.1849,299.56,29.659,0,0,1,9.373,6.373,0,0
0.93381,2.0116e+05,0.085104,27.574,0,0,80300,-1.1846,299.56,29.529,0,0,1,9.386,6.386,0,0
0.93385,2.0116e+05,0.084727,27.453,0,0,80304,-1.1843,299.57,29.398,0,0,1,9.399,6.399,0,0
0.93386,2.0116e+05,0.084428,27.357,0,0,80306,-1.1843,299.57,29.294,0,0,1,9.412,6.412,0,0
0.93386,2.0116e+05,0.084135,27.262,0,0,80306,-1.1842,299.57,29.193,0,0,1,9.425,6.425,0,0
0.93386,2.0116e+05,0.083842,27.167,0,0,80307,-1.1842,299.57,29.091,0,0,1,9.438,6.438,0,0
0.93386,2.0116e+05,0.083554,27.074,0,0,80308,-1.1842,299.58,28.991,0,0,1,9.451,6.451,0,0
0.93388,2.0117e+05,0.083323,27,0,0,80310,-1.184,299.58,28.911,0,0,1,9.464,6.464,0,0
0.93389,2.0117e+05,0.083092,26.925,0,0,80312,-1.1839,299.58,28.831,0,0,1,9.477,6.477,0,0
0.93391,2.0117e+05,0.082861,26.851,0,0,80314,-1.1838,299.58,28.751,0,0,1,9.49,6.49,0,0
0.93393,2.0118e+05,0.082644,26.782,0,0,80317,-1.1836,299.59,28.676,0,0,1,9.503,6.503,0,0
0.93397,2.0118e+05,0.082476,26.728,0,0,80320,-1.1835,299.59,28.618,0,0,1,9.516,6.516,0,0
0.934,2.0119e+05,0.082307,26.675,0,0,80324,-1.1833,299.59,28.56,0,0,1,9.529,6.529,0,0
0.93403,2.012e+05,0.082139,26.621,0,0,80327,-1.1831,299.59,28.501,0,0,1,9.542,6.542,0,0
0.93406,2.012e+05,0.081928,26.554,0,0,80330,-1.1829,299.59,28.428,0,0,1,9.555,6.555,0,0
0.93407,2.012e+05,0.081649,26.464,0,0,80332,-1.1828,299.6,28.332,0,0,1,9.568,6.568,0,0
0.93409,2.0121e+05,0.081371,26.374,0,0,80334,-1.1827,299.6,28.235,0,0,1,9.581,6.581,0,0
0.9341,2.0121e+05,0.081092,26.284,0,0,80336,-1.1826,299.6,28.138,0,0,1,9.594,6.594,0,0
0.93414,2.0122e+05,0.080847,26.206,0,0,80339,-1.1824,299.6,28.053,0,0,1,9.607,6.607,0,0
0.93418,2.0123e+05,0.08063,26.137,0,0,80344,-1.1821,299.61,27.978,0,0,1,9.62,6.62,0,0
0.93423,2.0124e+05,0.080414,26.068,0,0,80349,-1.1819,299.61,27.903,0,0,1,9.633,6.633,0,0
0.93428,2.0125e+05,0.080198,26,0,0,80353,-1.1816,299.61,27.828,0,0,1,9.646,6.646,0,0
0.9343,2.0125e+05,0.07999,25.933,0,0,80356,-1.1815,299.61,27.756,0,0,1,9.659,6.659,0,0
0.93431,2.0125e+05,0.079786,25.867,0,0,80356,-1.1814,299.61,27.686,0,0,1,9.672,6.672,0,0
0.93431,2.0125e+05,0.079582,25.801,0,0,80357,-1.1814,299.62,27.615,0,0,1,9.685,6.685,0,0
0.93432,2.0125e+05,0.079378,25.735,0,0,80358,-1.1813,299.62,27.544,0,0,1,9.698,6.698,0,0
0.93435,2.0126e+05,0.07908,25.639,0,0,80362,-1.1811,299.62,27.441,0,0,1,9.711,6.711,0,0
0.93439,2.0126e+05,0.078765,25.539,0,0,80366,-1.1809,299.62,27.332,0,0,1,9.724,6.724,0,0
0.93443,2.0127e+05,0.07845,25.438,0,0,80370,-1.1806,299.63,27.223,0,0,1,9.737,6.737,0,0
0.93447,2.0128e+05,0.078135,25.337,0,0,80374,-1.1804,299.63,27.114,0,0,1,9.75,6.75,0,0
0.93448,2.0128e+05,0.077861,25.249,0,0,80376,-1.1803,299.63,27.019,0,0,1,9.763,6.763,0,0
0.9345,2.0128e+05,0.077588,25.16,0,0,80378,-1.1802,299.63,26.924,0,0,1,9.776,6.776,0,0
0.93451,2.0129e+05,0.077314,25.072,0,0,80380,-1.1801,299.64,26.829,0,0,1,9.789,6.789,0,0
0.93452,2.0129e+05,0.077042,24.984,0,0,80382,-1.18,299.64,26.735,0,0,1,9.802,6.802,0,0
0.93453,2.0129e+05,0.076779,24.899,0,0,80383,-1.1799,299.64,26.644,0,0,1,9.815,6.815,0,0
0.93454,2.0129e+05,0.076516,24.814,0,0,80385,-1.1798,299.64,26.552,0,0,1,9.828,6.828,0,0
0.93454,2.0129e+05,0.076253,24.729,0,0,80386,-1.1798,299.65,26.461,0,0,1,9.841,6.841,0,0
0.93455,2.0129e+05,0.075994,24.646,0,0,80387,-1.1797,299.65,26.371,0,0,1,9.854,6.854,0,0
0.93457,2.013e+05,0.075744,24.565,0,0,80390,-1.1795,299.65,26.285,0,0,1,9.867,6.867,0,0
0.93459,2.013e+05,0.075493,24.484,0,0,80392,-1.1794,299.65,26.198,0,0,1,9.88,6.88,0,0
0.93461,2.013e+05,0.075243,24.404,0,0,80394,-1.1793,299.66,26.111,0,0,1,9.893,6.893,0,0
0.93463,2.0131e+05,0.074998,24.325,0,0,80396,-1.1792,299.66,26.026,0,0,1,9.906,6.906,0,0
0.93463,2.0131e+05,0.07476,24.248,0,0,80397,-1.1791,299.66,25.944,0,0,1,9.919,6.919,0,0
0.93464,2.0131e+05,0.074523,24.171,0,0,80398,-1.1791,299.66,25.862,0,0,1,9.932,6.932,0,0
0.93465,2.0131e+05,0.074285,24.094,0,0,80399,-1.179,299.67,25.779,0,0,1,9.945,6.945,0,0
0.93466,2.0131e+05,0.074049,24.019,0,0,80402,-1.1789,299.67,25.697,0,0,1,9.958,6.958,0,0
0.93469,2.0132e+05,0.073815,23.943,0,0,80404,-1.1787,299.67,25.616,0,0,1,9.971,6.971,0,0
0.93472,2.0132e+05,0.073581,23.868,0,0,80407,-1.1786,299.67,25.535,0,0,1,9.984,6.984,0,0
0.93474,2.0133e+05,0.073347,23.793,0,0,80410,-1.1784,299.67,25.454,0,0,1,9.997,6.997,0,0
0.93475,2.0133e+05,0.073093,23.711,0,0,80411,-1.1783,299.68,25.366,0,0,1,10.01,7.01,0,0
0.93475,2.0133e+05,0.072832,23.626,0,0,80412,-1.1783,299.68,25.275,0,0,1,10.023,7.023,0,0
0.93475,2.0133e+05,0.072571,23.542,0,0,80413,-1.1782,299.68,25.185,0,0,1,10.036,7.036,0,0
0.93475,2.0133e+05,0.072311,23.457,0,0,80414,-1.1782,299.68,25.095,0,0,1,10.049,7.049,0,0
0.93477,2.0133e+05,0.072108,23.392,0,0,80415,-1.1781,299.68,25.024,0,0,1,10.062,7.062,0,0
0.93479,2.0133e+05,0.07191,23.329,0,0,80417,-1.178,299.69,24.956,0,0,1,10.075,7.075,0,0
0.93481,2.0134e+05,0.071713,23.265,0,0,80419,-1.1779,299.69,24.887,0,0,1,10.088,7.088,0,0
0.93482,2.0134e+05,0.071519,23.203,0,0,80421,-1.1778,299.69,24.82,0,0,1,10.101,7.101,0,0
0.93483,2.0134e+05,0.07138,23.158,0,0,80423,-1.1777,299.69,24.772,0,0,1,10.114,7.114,0,0
0.93484,2.0135e+05,0.07124,23.113,0,0,80424,-1.1776,299.69,24.723,0,0,1,10.127,7.127,0,0
0.93485,2.0135e+05,0.0711,23.067,0,0,80425,-1.1776,299.69,24.675,0,0,1,10.14,7.14,0,0
0.93486,2.0135e+05,0.070947,23.018,0,0,80426,-1.1775,299.7,24.622,0,0,1,10.153,7.153,0,0
0.93486,2.0135e+05,0.070753,22.955,0,0,80427,-1.1774,299.7,24.555,0,0,1,10.166,7.166,0,0
0.93487,2.0135e+05,0.070558,22.892,0,0,80428,-1.1774,299.7,24.487,0,0,1,10.179,7.179,0,0
0.93487,2.0135e+05,0.070364,22.829,0,0,80428,-1.1774,299.7,24.42,0,0,1,10.192,7.192,0,0
0.93489,2.0135e+05,0.070165,22.765,0,0,80430,-1.1772,299.7,24.351,0,0,1,10.205,7.205,0,0
0.93493,2.0136e+05,0.06996,22.7,0,0,80435,-1.177,299.7,24.28,0,0,1,10.218,7.218,0,0
0.93498,2.0137e+05,0.069755,22.635,0,0,80439,-1.1768,299.71,24.209,0,0,1,10.231,7.231,0,0
0.93502,2.0138e+05,0.06955,22.569,0,0,80443,-1.1765,299.71,24.138,0,0,1,10.244,7.244,0,0
0.93503,2.0138e+05,0.069362,22.509,0,0,80444,-1.1765,299.71,24.072,0,0,1,10.257,7.257,0,0
0.93501,2.0138e+05,0.069189,22.452,0,0,80443,-1.1765,299.71,24.012,0,0,1,10.27,7.27,0,0
0.935,2.0137e+05,0.069015,22.395,0,0,80442,-1.1766,299.71,23.952,0,0,1,10.283,7.283,0,0
0.93498,2.0137e+05,0.068842,22.339,0,0,80441,-1.1766,299.71,23.892,0,0,1,10.296,7.296,0,0
0.935,2.0137e+05,0.068626,22.269,0,0,80443,-1.1765,299.72,23.817,0,0,1,10.309,7.309,0,0
0.93504,2.0138e+05,0.068391,22.194,0,0,80447,-1.1763,299.72,23.736,0,0,1,10.322,7.322,0,0
0.93507,2.0139e+05,0.068156,22.118,0,0,80451,-1.1761,299.72,23.654,0,0,1,10.335,7.335,0,0
0.93511,2.014e+05,0.06792,22.043,0,0,80454,-1.1759,299.72,23.573,0,0,1,10.348,7.348,0,0
0.93511,2.014e+05,0.067719,21.978,0,0,80455,-1.1759,299.72,23.503,0,0,1,10.361,7.361,0,0
0.93511,2.014e+05,0.067524,21.914,0,0,80456,-1.1758,299.72,23.435,0,0,1,10.374,7.374,0,0
0.93511,2.014e+05,0.067329,21.851,0,0,80456,-1.1758,299.73,23.367,0,0,1,10.387,7.387,0,0
0.93511,2.0139e+05,0.067133,21.788,0,0,80456,-1.1758,299.73,23.3,0,0,1,10.4,7.4,0,0
0.93512,2.014e+05,0.067016,21.75,0,0,80457,-1.1757,299.73,23.259,0,0,1,10.413,7.413,0,0
0.93512,2.014e+05,0.066899,21.712,0,0,80458,-1.1757,299.73,23.219,0,0,1,10.426,7.426,0,0
0.93513,2.014e+05,0.066782,21.674,0,0,80459,-1.1757,299.73,23.178,0,0,1,10.439,7.439,0,0
0.93513,2.014e+05,0.066661,21.635,0,0,80459,-1.1756,299.73,23.136,0,0,1,10.452,7.452,0,0
0.93515,2.014e+05,0.066515,21.588,0,0,80461,-1.1755,299.73,23.085,0,0,1,10.465,7.465,0,0
0.93517,2.0141e+05,0.066369,21.541,0,0,80463,-1.1754,299.73,23.035,0,0,1,10.478,7.478,0,0
0.93519,2.0141e+05,0.066223,21.495,0,0,80465,-1.1753,299.74,22.984,0,0,1,10.491,7.491,0,0
0.93521,2.0141e+05,0.066072,21.446,0,0,80467,-1.1752,299.74,22.932,0,0,1,10.504,7.504,0,0
0.93522,2.0142e+05,0.065907,21.393,0,0,80469,-1.1751,299.74,22.874,0,0,1,10.517,7.517,0,0
0.93524,2.0142e+05,0.065742,21.34,0,0,80470,-1.175,299.74,22.817,0,0,1,10.53,7.53,0,0
0.93525,2.0142e+05,0.065578,21.287,0,0,80472,-1.1749,299.74,22.76,0,0,1,10.543,7.543,0,0
0.93526,2.0142e+05,0.065403,21.23,0,0,80473,-1.1748,299.74,22.7,0,0,1,10.556,7.556,0,0
0.93527,2.0143e+05,0.065216,21.17,0,0,80474,-1.1748,299.74,22.635,0,0,1,10.569,7.569,0,0
0.93528,2.0143e+05,0.06503,21.11,0,0,80476,-1.1747,299.75,22.57,0,0,1,10.582,7.582,0,0
0.93529,2.0143e+05,0.064843,21.049,0,0,80477,-1.1746,299.75,22.506,0,0,1,10.595,7.595,0,0
0.9353,2.0143e+05,0.064667,20.992,0,0,80478,-1.1746,299.75,22.445,0,0,1,10.608,7.608,0,0
0.93531,2.0143e+05,0.064498,20.938,0,0,80479,-1.1745,299.75,22.386,0,0,1,10.621,7.621,0,0
0.93531,2.0143e+05,0.064329,20.883,0,0,80480,-1.1745,299.75,22.327,0,0,1,10.634,7.634,0,0
0.93532,2.0143e+05,0.06416,20.828,0,0,80481,-1.1744,299.75,22.269,0,0,1,10.647,7.647,0,0
0.93533,2.0144e+05,0.064011,20.78,0,0,80482,-1.1743,299.75,22.217,0,0,1,10.66,7.66,0,0
0.93535,2.0144e+05,0.063868,20.734,0,0,80484,-1.1742,299.75,22.167,0,0,1,10.673,7.673,0,0
0.93537,2.0144e+05,0.063725,20.689,0,0,80486,-1.1741,299.76,22.118,0,0,1,10.686,7.686,0,0
0.93539,2.0145e+05,0.063583,20.643,0,0,80488,-1.174,299.76,22.069,0,0,1,10.699,7.699,0,0
0.93539,2.0145e+05,0.063398,20.583,0,0,80488,-1.174,299.76,22.005,0,0,1,10.712,7.712,0,0
0.93538,2.0145e+05,0.063211,20.522,0,0,80488,-1.174,299.76,21.939,0,0,1,10.725,7.725,0,0
0.93538,2.0144e+05,0.063023,20.461,0,0,80488,-1.174,299.76,21.874,0,0,1,10.738,7.738,0,0
0.93537,2.0144e+05,0.062839,20.401,0,0,80488,-1.174,299.76,21.811,0,0,1,10.751,7.751,0,0
0.93539,2.0145e+05,0.0627,20.356,0,0,80490,-1.1739,299.76,21.762,0,0,1,10.764,7.764,0,0
0.93541,2.0145e+05,0.06256,20.311,0,0,80492,-1.1738,299.77,21.714,0,0,1,10.777,7.777,0,0
0.93543,2.0145e+05,0.062421,20.267,0,0,80494,-1.1737,299.77,21.666,0,0,1,10.79,7.79,0,0
0.93544,2.0146e+05,0.062288,20.224,0,0,80495,-1.1736,299.77,21.619,0,0,1,10.803,7.803,0,0
0.93543,2.0145e+05,0.062174,20.187,0,0,80495,-1.1736,299.77,21.58,0,0,1,10.816,7.816,0,0
0.93542,2.0145e+05,0.062061,20.15,0,0,80494,-1.1737,299.77,21.541,0,0,1,10.829,7.829,0,0
0.93541,2.0145e+05,0.061947,20.113,0,0,80494,-1.1737,299.77,21.501,0,0,1,10.842,7.842,0,0
0.93542,2.0145e+05,0.061822,20.072,0,0,80494,-1.1736,299.77,21.458,0,0,1,10.855,7.855,0,0
0.93544,2.0146e+05,0.061679,20.026,0,0,80496,-1.1735,299.77,21.408,0,0,1,10.868,7.868,0,0
0.93546,2.0146e+05,0.061536,19.98,0,0,80498,-1.1734,299.77,21.359,0,0,1,10.881,7.881,0,0
0.93548,2.0146e+05,0.061393,19.934,0,0,80501,-1.1733,299.77,21.309,0,0,1,10.894,7.894,0,0
0.9355,2.0147e+05,0.061267,19.894,0,0,80502,-1.1732,299.77,21.265,0,0,1,10.907,7.907,0,0
0.93551,2.0147e+05,0.061157,19.858,0,0,80504,-1.1731,299.78,21.227,0,0,1,10.92,7.92,0,0
0.93552,2.0147e+05,0.061047,19.823,0,0,80505,-1.173,299.78,21.189,0,0,1,10.933,7.933,0,0
0.93554,2.0147e+05,0.060938,19.788,0,0,80506,-1.173,299.78,21.151,0,0,1,10.946,7.946,0,0
0.93554,2.0147e+05,0.060799,19.743,0,0,80506,-1.173,299.78,21.103,0,0,1,10.959,7.959,0,0
0.93553,2.0147e+05,0.060649,19.694,0,0,80506,-1.173,299.78,21.051,0,0,1,10.972,7.972,0,0
0.93553,2.0147e+05,0.060498,19.645,0,0,80506,-1.173,299.78,20.999,0,0,1,10.985,7.985,0,0
0.93552,2.0147e+05,0.060347,19.596,0,0,80506,-1.173,299.78,20.946,0,0,1,10.998,7.998,0,0
0.93555,2.0148e+05,0.060228,19.558,0,0,80509,-1.1728,299.78,20.905,0,0,1,11.011,8.011,0,0
0.93559,2.0148e+05,0.060114,19.522,0,0,80512,-1.1726,299.78,20.866,0,0,1,11.024,8.024,0,0
0.93563,2.0149e+05,0.06,19.485,0,0,80516,-1.1724,299.78,20.826,0,0,1,11.037,8.037,0,0
0.93566,2.015e+05,0.059887,19.449,0,0,80519,-1.1722,299.79,20.787,0,0,1,11.05,8.05,0,0
0.93563,2.0149e+05,0.059738,19.4,0,0,80517,-1.1724,299.79,20.735,0,0,1,11.063,8.063,0,0
0.9356,2.0149e+05,0.059589,19.352,0,0,80515,-1.1725,299.79,20.684,0,0,1,11.076,8.076,0,0
0.93558,2.0148e+05,0.059441,19.303,0,0,80513,-1.1726,299.79,20.632,0,0,1,11.089,8.089,0,0
0.93556,2.0148e+05,0.059296,19.255,0,0,80511,-1.1727,299.79,20.582,0,0,1,11.102,8.102,0,0
0.93559,2.0148e+05,0.059172,19.216,0,0,80515,-1.1725,299.79,20.539,0,0,1,11.115,8.115,0,0
0.93563,2.0149e+05,0.059049,19.177,0,0,80518,-1.1723,299.79,20.496,0,0,1,11.128,8.128,0,0
0.93566,2.015e+05,0.058925,19.137,0,0,80521,-1.1721,299.79,20.453,0,0,1,11.141,8.141,0,0
0.93568,2.015e+05,0.058807,19.099,0,0,80523,-1.172,299.79,20.412,0,0,1,11.154,8.154,0,0
0.93565,2.015e+05,0.058704,19.065,0,0,80521,-1.1722,299.79,20.377,0,0,1,11.167,8.167,0,0
0.93562,2.0149e+05,0.058601,19.031,0,0,80518,-1.1723,299.79,20.341,0,0,1,11.18,8.18,0,0
0.93559,2.0148e+05,0.058498,18.997,0,0,80516,-1.1724,299.8,20.305,0,0,1,11.193,8.193,0,0
0.9356,2.0148e+05,0.058389,18.962,0,0,80517,-1.1724,299.8,20.267,0,0,1,11.206,8.206,0,0
0.93565,2.0149e+05,0.058272,18.925,0,0,80521,-1.1721,299.8,20.226,0,0,1,11.219,8.219,0,0
0.93569,2.015e+05,0.058155,18.888,0,0,80525,-1.1719,299.8,20.186,0,0,1,11.232,8.232,0,0
0.93574,2.0151e+05,0.058038,18.851,0,0,80529,-1.1717,299.8,20.145,0,0,1,11.245,8.245,0,0
0.93574,2.0151e+05,0.057922,18.813,0,0,80530,-1.1716,299.8,20.105,0,0,1,11.258,8.258,0,0
0.93572,2.0151e+05,0.057805,18.775,0,0,80528,-1.1717,299.8,20.065,0,0,1,11.271,8.271,0,0
0.93569,2.015e+05,0.057689,18.737,0,0,80526,-1.1719,299.8,20.024,0,0,1,11.284,8.284,0,0
0.93567,2.015e+05,0.057573,18.699,0,0,80524,-1.172,299.8,19.984,0,0,1,11.297,8.297,0,0
0.9357,2.015e+05,0.057462,18.663,0,0,80527,-1.1718,299.8,19.946,0,0,1,11.31,8.31,0,0
0.93574,2.0151e+05,0.057352,18.628,0,0,80530,-1.1716,299.8,19.907,0,0,1,11.323,8.323,0,0
0.93578,2.0152e+05,0.057242,18.593,0,0,80534,-1.1714,299.8,19.869,0,0,1,11.336,8.336,0,0
0.93582,2.0153e+05,0.057132,18.558,0,0,80538,-1.1712,299.8,19.831,0,0,1,11.349,8.349,0,0
0.9358,2.0152e+05,0.057021,18.522,0,0,80537,-1.1713,299.81,19.793,0,0,1,11.362,8.362,0,0
0.93578,2.0152e+05,0.05691,18.485,0,0,80535,-1.1714,299.81,19.754,0,0,1,11.375,8.375,0,0
0.93575,2.0151e+05,0.056798,18.449,0,0,80533,-1.1715,299.81,19.715,0,0,1,11.388,8.388,0,0
0.93573,2.0151e+05,0.056688,18.413,0,0,80531,-1.1716,299.81,19.677,0,0,1,11.401,8.401,0,0
0.93576,2.0152e+05,0.056593,18.382,0,0,80534,-1.1714,299.81,19.644,0,0,1,11.414,8.414,0,0
0.93579,2.0152e+05,0.056498,18.352,0,0,80537,-1.1712,299.81,19.611,0,0,1,11.427,8.427,0,0
0.93582,2.0153e+05,0.056403,18.322,0,0,80540,-1.1711,299.81,19.578,0,0,1,11.44,8.44,0,0
0.93584,2.0153e+05,0.056314,18.293,0,0,80541,-1.171,299.81,19.547,0,0,1,11.453,8.453,0,0
0.9358,2.0152e+05,0.056248,18.271,0,0,80538,-1.1712,299.81,19.524,0,0,1,11.466,8.466,0,0
0.93577,2.0152e+05,0.056182,18.249,0,0,80535,-1.1714,299.81,19.501,0,0,1,11.479,8.479,0,0
0.93573,2.0151e+05,0.056116,18.227,0,0,80532,-1.1715,299.81,19.479,0,0,1,11.492,8.492,0,0
0.93573,2.0151e+05,0.056059,18.208,0,0,80532,-1.1715,299.81,19.459,0,0,1,11.505,8.505,0,0
0.93578,2.0152e+05,0.056016,18.195,0,0,80537,-1.1713,299.81,19.444,0,0,1,11.518,8.518,0,0
0.93584,2.0153e+05,0.055974,18.183,0,0,80541,-1.171,299.81,19.429,0,0,1,11.531,8.531,0,0
0.93589,2.0154e+05,0.055932,18.17,0,0,80546,-1.1707,299.81,19.415,0,0,1,11.544,8.544,0,0
0.9359,2.0154e+05,0.055857,18.146,0,0,80547,-1.1707,299.81,19.389,0,0,1,11.557,8.557,0,0
0.93586,2.0153e+05,0.055755,18.112,0,0,80544,-1.1708,299.81,19.353,0,0,1,11.57,8.57,0,0
0.93583,2.0153e+05,0.055652,18.078,0,0,80541,-1.171,299.81,19.318,0,0,1,11.583,8.583,0,0
0.93579,2.0152e+05,0.05555,18.044,0,0,80538,-1.1712,299.81,19.282,0,0,1,11.596,8.596,0,0
0.93582,2.0152e+05,0.05539,17.993,0,0,80540,-1.171,299.82,19.227,0,0,1,11.609,8.609,0,0
0.93587,2.0154e+05,0.055205,17.934,0,0,80545,-1.1708,299.82,19.163,0,0,1,11.622,8.622,0,0
0.93593,2.0155e+05,0.05502,17.875,0,0,80550,-1.1705,299.82,19.099,0,0,1,11.635,8.635,0,0
0.93598,2.0156e+05,0.054835,17.816,0,0,80555,-1.1702,299.82,19.034,0,0,1,11.648,8.648,0,0
0.93595,2.0155e+05,0.054789,17.8,0,0,80553,-1.1703,299.82,19.018,0,0,1,11.661,8.661,0,0
0.93591,2.0154e+05,0.054767,17.792,0,0,80550,-1.1705,299.82,19.011,0,0,1,11.674,8.674,0,0
0.93587,2.0154e+05,0.054746,17.785,0,0,80546,-1.1707,299.82,19.003,0,0,1,11.687,8.687,0,0
0.93583,2.0153e+05,0.054724,17.777,0,0,80543,-1.1709,299.82,18.996,0,0,1,11.7,8.7,0,0
0.93588,2.0154e+05,0.054633,17.748,0,0,80547,-1.1707,299.82,18.964,0,0,1,11.713,8.713,0,0
0.93592,2.0154e+05,0.054542,17.719,0,0,80550,-1.1705,299.82,18.932,0,0,1,11.726,8.726,0,0
0.93596,2.0155e+05,0.05445,17.69,0,0,80554,-1.1703,299.82,18.901,0,0,1,11.739,8.739,0,0
0.93599,2.0156e+05,0.054364,17.663,0,0,80557,-1.1701,299.82,18.871,0,0,1,11.752,8.752,0,0
0.93597,2.0156e+05,0.054304,17.643,0,0,80555,-1.1702,299.82,18.85,0,0,1,11.765,8.765,0,0
0.93596,2.0155e+05,0.054245,17.624,0,0,80554,-1.1703,299.82,18.829,0,0,1,11.778,8.778,0,0
0.93594,2.0155e+05,0.054185,17.604,0,0,80553,-1.1703,299.82,18.809,0,0,1,11.791,8.791,0,0
0.93594,2.0155e+05,0.054123,17.584,0,0,80553,-1.1704,299.82,18.787,0,0,1,11.804,8.804,0,0
0.93596,2.0155e+05,0.054057,17.563,0,0,80555,-1.1702,299.82,18.764,0,0,1,11.817,8.817,0,0
0.93598,2.0156e+05,0.05399,17.541,0,0,80557,-1.1701,299.82,18.741,0,0,1,11.83,8.83,0,0
0.93601,2.0156e+05,0.053924,17.52,0,0,80559,-1.17,299.82,18.718,0,0,1,11.843,8.843,0,0
0.93601,2.0156e+05,0.053853,17.497,0,0,80560,-1.17,299.82,18.694,0,0,1,11.856,8.856,0,0
0.936,2.0156e+05,0.053777,17.473,0,0,80559,-1.17,299.82,18.667,0,0,1,11.869,8.869,0,0
0.93599,2.0156e+05,0.053701,17.448,0,0,80558,-1.17,299.82,18.641,0,0,1,11.882,8.882,0,0
0.93598,2.0156e+05,0.053625,17.423,0,0,80557,-1.1701,299.82,18.615,0,0,1,11.895,8.895,0,0
0.93599,2.0156e+05,0.053555,17.4,0,0,80558,-1.1701,299.83,18.59,0,0,1,11.908,8.908,0,0
0.936,2.0156e+05,0.053487,17.378,0,0,80559,-1.17,299.83,18.567,0,0,1,11.921,8.921,0,0
0.93602,2.0156e+05,0.053419,17.357,0,0,80560,-1.1699,299.83,18.543,0,0,1,11.934,8.934,0,0
0.93603,2.0156e+05,0.053351,17.335,0,0,80562,-1.1698,299.83,18.52,0,0,1,11.947,8.947,0,0
0.93603,2.0156e+05,0.053293,17.316,0,0,80562,-1.1698,299.83,18.499,0,0,1,11.96,8.96,0,0
0.93602,2.0156e+05,0.053237,17.298,0,0,80561,-1.1699,299.83,18.48,0,0,1,11.973,8.973,0,0
0.93601,2.0156e+05,0.053182,17.279,0,0,80560,-1.1699,299.83,18.461,0,0,1,11.986,8.986,0,0
0.93601,2.0156e+05,0.053126,17.261,0,0,80560,-1.1699,299.83,18.441,0,0,1,11.999,8.999,0,0
0.93603,2.0156e+05,0.053053,17.238,0,0,80562,-1.1698,299.83,18.416,0,0,1,12.012,9.012,0,0
0.93605,2.0157e+05,0.052978,17.214,0,0,80564,-1.1697,299.83,18.39,0,0,1,12.025,9.025,0,0
0.93608,2.0157e+05,0.052904,17.19,0,0,80566,-1.1696,299.83,18.364,0,0,1,12.038,9.038,0,0
0.9361,2.0158e+05,0.052829,17.166,0,0,80568,-1.1695,299.83,18.338,0,0,1,12.051,9.051,0,0
0.93609,2.0158e+05,0.052761,17.144,0,0,80567,-1.1695,299.83,18.314,0,0,1,12.064,9.064,0,0
0.93608,2.0157e+05,0.052692,17.122,0,0,80567,-1.1696,299.83,18.291,0,0,1,12.077,9.077,0,0
0.93607,2.0157e+05,0.052623,17.099,0,0,80566,-1.1696,299.83,18.267,0,0,1,12.09,9.09,0,0
0.93607,2.0157e+05,0.052558,17.078,0,0,80566,-1.1696,299.83,18.244,0,0,1,12.103,9.103,0,0
0.93608,2.0157e+05,0.052506,17.061,0,0,80567,-1.1695,299.83,18.226,0,0,1,12.116,9.116,0,0
0.9361,2.0158e+05,0.052454,17.045,0,0,80568,-1.1695,299.83,18.208,0,0,1,12.129,9.129,0,0
0.93611,2.0158e+05,0.052402,17.028,0,0,80570,-1.1694,299.83,18.19,0,0,1,12.142,9.142,0,0
0.93612,2.0158e+05,0.052359,17.014,0,0,80570,-1.1694,299.83,18.175,0,0,1,12.155,9.155,0,0
0.93611,2.0158e+05,0.052332,17.005,0,0,80569,-1.1694,299.83,18.166,0,0,1,12.168,9.168,0,0
0.9361,2.0158e+05,0.052304,16.996,0,0,80568,-1.1695,299.83,18.156,0,0,1,12.181,9.181,0,0
0.93609,2.0157e+05,0.052277,16.987,0,0,80568,-1.1695,299.83,18.147,0,0,1,12.194,9.194,0,0
0.93609,2.0157e+05,0.052254,16.979,0,0,80568,-1.1695,299.83,18.139,0,0,1,12.207,9.207,0,0
0.93611,2.0158e+05,0.052235,16.974,0,0,80570,-1.1694,299.83,18.132,0,0,1,12.22,9.22,0,0
0.93613,2.0158e+05,0.052216,16.968,0,0,80571,-1.1693,299.83,18.125,0,0,1,12.233,9.233,0,0
0.93615,2.0159e+05,0.052196,16.962,0,0,80573,-1.1692,299.83,18.119,0,0,1,12.246,9.246,0,0
0.93616,2.0159e+05,0.052161,16.95,0,0,80574,-1.1692,299.83,18.106,0,0,1,12.259,9.259,0,0
0.93617,2.0159e+05,0.052118,16.937,0,0,80575,-1.1691,299.83,18.092,0,0,1,12.272,9.272,0,0
0.93617,2.0159e+05,0.052076,16.923,0,0,80575,-1.1691,299.83,18.077,0,0,1,12.285,9.285,0,0
0.93618,2.0159e+05,0.052033,16.909,0,0,80576,-1.169,299.83,18.062,0,0,1,12.298,9.298,0,0
0.93619,2.0159e+05,0.051953,16.883,0,0,80577,-1.169,299.83,18.034,0,0,1,12.311,9.311,0,0
0.9362,2.016e+05,0.051865,16.855,0,0,80577,-1.1689,299.83,18.004,0,0,1,12.324,9.324,0,0
0.93621,2.016e+05,0.051777,16.827,0,0,80578,-1.1689,299.83,17.973,0,0,1,12.337,9.337,0,0
0.93622,2.016e+05,0.05169,16.798,0,0,80579,-1.1689,299.83,17.943,0,0,1,12.35,9.35,0,0
0.93622,2.016e+05,0.051635,16.781,0,0,80579,-1.1688,299.83,17.924,0,0,1,12.363,9.363,0,0
0.93622,2.016e+05,0.051581,16.763,0,0,80579,-1.1688,299.83,17.905,0,0,1,12.376,9.376,0,0
0.93622,2.016e+05,0.051526,16.745,0,0,80580,-1.1688,299.83,17.886,0,0,1,12.389,9.389,0,0
0.93622,2.016e+05,0.051473,16.728,0,0,80580,-1.1688,299.83,17.868,0,0,1,12.402,9.402,0,0
0.93623,2.016e+05,0.051431,16.715,0,0,80580,-1.1688,299.83,17.853,0,0,1,12.415,9.415,0,0
0.93624,2.016e+05,0.05139,16.701,0,0,80581,-1.1688,299.83,17.839,0,0,1,12.428,9.428,0,0
0.93624,2.016e+05,0.051348,16.688,0,0,80581,-1.1687,299.83,17.824,0,0,1,12.441,9.441,0,0
0.93625,2.016e+05,0.051304,16.673,0,0,80582,-1.1687,299.83,17.809,0,0,1,12.454,9.454,0,0
0.93625,2.016e+05,0.051254,16.658,0,0,80582,-1.1687,299.83,17.792,0,0,1,12.467,9.467,0,0
0.93625,2.016e+05,0.051205,16.642,0,0,80582,-1.1687,299.83,17.775,0,0,1,12.48,9.48,0,0
0.93625,2.016e+05,0.051156,16.626,0,0,80583,-1.1686,299.83,17.758,0,0,1,12.493,9.493,0,0
0.93625,2.016e+05,0.051114,16.612,0,0,80583,-1.1687,299.83,17.743,0,0,1,12.506,9.506,0,0
0.93624,2.016e+05,0.051082,16.601,0,0,80582,-1.1687,299.83,17.732,0,0,1,12.519,9.519,0,0
0.93624,2.016e+05,0.05105,16.591,0,0,80581,-1.1687,299.83,17.721,0,0,1,12.532,9.532,0,0
0.93623,2.016e+05,0.051017,16.58,0,0,80581,-1.1688,299.83,17.709,0,0,1,12.545,9.545,0,0
0.93624,2.016e+05,0.050989,16.571,0,0,80582,-1.1687,299.83,17.7,0,0,1,12.558,9.558,0,0
0.93627,2.0161e+05,0.050962,16.563,0,0,80584,-1.1686,299.83,17.69,0,0,1,12.571,9.571,0,0
0.9363,2.0161e+05,0.050936,16.555,0,0,80586,-1.1684,299.83,17.681,0,0,1,12.584,9.584,0,0
0.93632,2.0162e+05,0.05091,16.547,0,0,80589,-1.1683,299.83,17.672,0,0,1,12.597,9.597,0,0
0.93633,2.0162e+05,0.050847,16.527,0,0,80589,-1.1683,299.83,17.65,0,0,1,12.61,9.61,0,0
0.93632,2.0162e+05,0.050773,16.503,0,0,80589,-1.1683,299.83,17.625,0,0,1,12.623,9.623,0,0
0.93632,2.0162e+05,0.0507,16.479,0,0,80589,-1.1683,299.83,17.599,0,0,1,12.636,9.636,0,0
0.93632,2.0162e+05,0.050626,16.455,0,0,80588,-1.1683,299.83,17.574,0,0,1,12.649,9.649,0,0
0.93633,2.0162e+05,0.050542,16.427,0,0,80590,-1.1683,299.83,17.544,0,0,1,12.662,9.662,0,0
0.93635,2.0162e+05,0.050456,16.4,0,0,80591,-1.1682,299.83,17.515,0,0,1,12.675,9.675,0,0
0.93636,2.0162e+05,0.050371,16.372,0,0,80593,-1.1681,299.83,17.485,0,0,1,12.688,9.688,0,0
0.93637,2.0163e+05,0.050288,16.346,0,0,80594,-1.168,299.83,17.456,0,0,1,12.701,9.701,0,0
0.93635,2.0162e+05,0.050238,16.329,0,0,80592,-1.1681,299.83,17.439,0,0,1,12.714,9.714,0,0
0.93633,2.0162e+05,0.050187,16.312,0,0,80590,-1.1682,299.84,17.421,0,0,1,12.727,9.727,0,0
0.93631,2.0161e+05,0.050136,16.295,0,0,80588,-1.1684,299.84,17.404,0,0,1,12.74,9.74,0,0
0.93629,2.0161e+05,0.050091,16.28,0,0,80587,-1.1684,299.84,17.388,0,0,1,12.753,9.753,0,0
0.93631,2.0161e+05,0.050063,16.271,0,0,80588,-1.1683,299.84,17.378,0,0,1,12.766,9.766,0,0
0.93633,2.0162e+05,0.050034,16.262,0,0,80590,-1.1683,299.84,17.368,0,0,1,12.779,9.779,0,0
0.93634,2.0162e+05,0.050006,16.253,0,0,80591,-1.1682,299.83,17.358,0,0,1,12.792,9.792,0,0
0.93635,2.0162e+05,0.049987,16.248,0,0,80592,-1.1681,299.83,17.352,0,0,1,12.805,9.805,0,0
0.93635,2.0162e+05,0.049984,16.247,0,0,80592,-1.1682,299.83,17.351,0,0,1,12.818,9.818,0,0
0.93635,2.0162e+05,0.049981,16.246,0,0,80591,-1.1682,299.83,17.35,0,0,1,12.831,9.831,0,0
0.93635,2.0162e+05,0.049978,16.245,0,0,80591,-1.1682,299.83,17.349,0,0,1,12.844,9.844,0,0
0.93635,2.0162e+05,0.049986,16.247,0,0,80591,-1.1682,299.83,17.351,0,0,1,12.857,9.857,0,0
0.93635,2.0162e+05,0.050002,16.252,0,0,80591,-1.1682,299.83,17.357,0,0,1,12.87,9.87,0,0
0.93635,2.0162e+05,0.050018,16.258,0,0,80591,-1.1682,299.83,17.363,0,0,1,12.883,9.883,0,0
0.93636,2.0162e+05,0.050035,16.263,0,0,80591,-1.1682,299.83,17.368,0,0,1,12.896,9.896,0,0
0.93634,2.0162e+05,0.050071,16.274,0,0,80590,-1.1682,299.83,17.381,0,0,1,12.909,9.909,0,0
0.93632,2.0161e+05,0.050115,16.289,0,0,80588,-1.1684,299.83,17.396,0,0,1,12.922,9.922,0,0
0.9363,2.0161e+05,0.05016,16.303,0,0,80586,-1.1685,299.83,17.412,0,0,1,12.935,9.935,0,0
0.93628,2.016e+05,0.050205,16.317,0,0,80584,-1.1686,299.83,17.427,0,0,1,12.948,9.948,0,0
0.93634,2.0162e+05,0.050403,16.382,0,0,80590,-1.1683,299.83,17.496,0,0,1,12.961,9.961,0,0
0.93642,2.0164e+05,0.050628,16.457,0,0,80596,-1.1679,299.83,17.574,0,0,1,12.974,9.974,0,0
0.93649,2.0165e+05,0.050854,16.532,0,0,80603,-1.1675,299.83,17.653,0,0,1,12.987,9.987,0,0
0.93657,2.0167e+05,0.05108,16.606,0,0,80610,-1.1671,299.83,17.731,0,0,1,13,10,0,0
